Timestamp,Open,High,Low,Close,Volume,VWAP,Donchian_High,Donchian_Low
2025-03-31 13:33:00,217.28,217.7749,216.95,217.125,389381,217.125,,
2025-03-31 13:34:00,217.14,217.4288,216.8,217.1,474195,217.11127234314063,,
2025-03-31 13:35:00,217.1,217.61,217.0,217.29,431807,217.1708499764162,,
2025-03-31 13:36:00,217.32,217.41,216.41,216.46,364256,217.01483329507198,,
2025-03-31 13:37:00,216.4894,217.34,216.22,216.45,281058,216.93303231519397,,
2025-03-31 13:38:00,216.47,217.21,216.29,216.785,292141,216.91366400070223,,
2025-03-31 13:39:00,216.788,217.21,216.5,216.7512,218334,216.8991927946305,,
2025-03-31 13:40:00,216.78,217.2835,216.74,217.0288,193241,216.9086638666502,,
2025-03-31 13:41:00,216.9244,217.9,216.7044,217.6699,286774,216.98313974652592,,
2025-03-31 13:42:00,217.63,217.94,216.9247,217.88,263037,217.0569941257094,,
2025-03-31 13:43:00,217.88,218.18,217.21,217.99,247789,217.12416080770177,,
2025-03-31 13:44:00,218.03,218.35,217.21,217.9701,220139,217.175011839514,,
2025-03-31 13:45:00,218.01,218.03,216.85,217.2688,264210,217.18132296668009,,
2025-03-31 13:46:00,217.23,218.07,217.2185,217.7,267933,217.21445623307372,,
2025-03-31 13:47:00,217.67,218.0,217.34,217.6788,188594,217.23443676381035,,
2025-03-31 13:48:00,217.62,218.13,217.54,218.1112,200434,217.2727786311591,,
2025-03-31 13:49:00,218.1269,218.2,217.674,217.894,329271,217.3144165481821,,
2025-03-31 13:50:00,217.9198,218.01,217.45,217.5389,185189,217.3225714394277,,
2025-03-31 13:51:00,217.535,218.01,217.43,217.875,117186,217.3349851073324,,
2025-03-31 13:52:00,217.86,218.08,216.89,217.7181,118370,217.3434880938939,218.35,216.22
2025-03-31 13:53:00,217.715,217.856,217.3,217.33,124557,217.34318027628228,218.35,216.22
2025-03-31 13:54:00,217.325,217.791,216.58,217.5098,102536,217.34625279294843,218.35,216.22
2025-03-31 13:55:00,217.49,217.88,217.39,217.8112,83031,217.3530934564823,218.35,216.22
2025-03-31 13:56:00,217.85,218.1,217.4926,217.9699,126791,217.36664667588286,218.35,216.22
2025-03-31 13:57:00,217.955,217.9788,217.52,217.53,88370,217.36911065603454,218.35,216.29
2025-03-31 13:58:00,217.555,218.27,217.055,217.1,100124,217.36458882773695,218.35,216.5
2025-03-31 13:59:00,217.08,217.6625,216.8301,217.1419,212454,217.35692239059748,218.35,216.58
2025-03-31 14:00:00,217.14,217.5072,217.0128,217.34,83934,217.35669531896664,218.35,216.58
2025-03-31 14:01:00,217.0962,217.66,217.0962,217.4708,95344,217.3584084487944,218.35,216.58
2025-03-31 14:02:00,217.476,217.67,217.2692,217.36,116235,217.3584370558931,218.35,216.58
2025-03-31 14:03:00,217.37,217.5062,217.26,217.3688,102035,217.35859802761553,218.35,216.58
2025-03-31 14:04:00,217.35,217.47,217.03,217.1051,113497,217.35429240023595,218.27,216.58
2025-03-31 14:05:00,217.095,217.4186,217.01,217.128,114839,217.35046911582396,218.27,216.58
2025-03-31 14:06:00,217.115,217.7087,217.1,217.6988,144461,217.35771825320776,218.27,216.58
2025-03-31 14:07:00,217.71,217.95,217.3181,217.3604,75489,217.3577471033353,218.27,216.58
2025-03-31 14:08:00,217.74,218.14,217.3553,217.9388,145392,217.36954204811545,218.27,216.58
2025-03-31 14:09:00,217.93,218.13,217.5447,218.0126,117339,217.37990718439195,218.27,216.58
2025-03-31 14:10:00,218.015,218.04,217.52,217.91,90284,217.38640088433573,218.27,216.58
2025-03-31 14:11:00,217.9,217.9582,217.575,217.83,99711,217.39232231950623,218.27,216.58
2025-03-31 14:12:00,217.83,218.3885,217.58,218.265,174231,217.41221342942092,218.3885,216.58
2025-03-31 14:13:00,218.265,218.6,217.365,218.57,223087,217.4450448144673,218.6,216.58
2025-03-31 14:14:00,218.54,218.87,217.9161,218.87,124960,217.46732478303406,218.87,216.8301
2025-03-31 14:15:00,218.85,218.8952,217.05,218.6988,140588,217.48861318302022,218.8952,216.8301
2025-03-31 14:16:00,218.64,218.6887,217.15,218.22,142742,217.5012288868533,218.8952,216.8301
2025-03-31 14:17:00,218.225,218.6,217.7,218.46,82982,217.51074759873708,218.8952,216.8301
2025-03-31 14:18:00,218.46,218.6,217.885,218.5265,93032,217.52192890080482,218.8952,216.8301
2025-03-31 14:19:00,218.535,218.61,218.3336,218.51,135128,217.53747841281762,218.8952,217.01
2025-03-31 14:20:00,218.5151,218.63,218.3849,218.578,182615,217.55914702927663,218.8952,217.01
2025-03-31 14:21:00,218.58,218.87,218.4155,218.785,167745,217.58215627754313,218.8952,217.01
2025-03-31 14:22:00,218.7891,219.11,218.215,219.0832,186912,217.61290701476486,219.11,217.01
2025-03-31 14:23:00,219.0812,219.31,218.6172,219.04,170987,217.63915987761285,219.31,217.01
2025-03-31 14:24:00,219.05,219.2,218.6819,219.11,120711,217.65801675419266,219.31,217.01
2025-03-31 14:25:00,219.11,219.13,218.7152,218.9124,108341,217.67228635320075,219.31,217.05
2025-03-31 14:26:00,218.9349,219.0132,218.7453,218.9843,120901,217.6887330407277,219.31,217.05
2025-03-31 14:27:00,218.95,219.05,218.7787,219.03,74935,217.69907371621775,219.31,217.05
2025-03-31 14:28:00,219.03,219.08,218.8184,218.95,81271,217.70944661246426,219.31,217.05
2025-03-31 14:29:00,218.97,218.9899,218.5617,218.5973,126506,217.7207605892699,219.31,217.05
2025-03-31 14:30:00,218.595,218.92,218.56,218.82,142182,217.73628173991298,219.31,217.05
2025-03-31 14:31:00,218.739,218.8958,218.35,218.42,138967,217.7455890313201,219.31,217.05
2025-03-31 14:32:00,218.3912,218.8739,218.3256,218.53,60288,217.7501942658458,219.31,217.05
2025-03-31 14:33:00,218.53,218.8414,218.4755,218.73,71879,217.7570049365171,219.31,217.05
2025-03-31 14:34:00,218.74,219.06,218.6496,219.045,111965,217.7708013845873,219.31,217.05
2025-03-31 14:35:00,219.06,219.21,218.7055,218.91,96869,217.78126179797945,219.31,217.15
2025-03-31 14:36:00,218.91,219.0,218.7362,218.9,36661,217.785136075731,219.31,217.7
2025-03-31 14:37:00,218.9,218.93,218.55,218.7579,68964,217.79143212104378,219.31,217.885
2025-03-31 14:38:00,218.5612,218.8649,218.391,218.68,94303,217.79922732152346,219.31,218.215
2025-03-31 14:39:00,218.66,218.87,218.4813,218.84,56567,217.80467549353915,219.31,218.215
2025-03-31 14:40:00,218.825,218.99,218.64,218.966,91635,217.81444065636313,219.31,218.215
2025-03-31 14:41:00,218.97,219.2,218.6848,219.16,91325,217.82562299766641,219.31,218.215
2025-03-31 14:42:00,219.17,219.25,218.7873,218.8488,99940,217.83484443195448,219.31,218.3256
2025-03-31 14:43:00,218.82,219.0604,218.65,218.932,71194,217.8418435062084,219.25,218.3256
2025-03-31 14:44:00,218.93,219.0,218.72,218.87,101754,217.85113312576374,219.25,218.3256
2025-03-31 14:45:00,218.8412,219.05,218.8,219.04,65266,217.85798324050208,219.25,218.3256
2025-03-31 14:46:00,219.05,219.64,218.8476,219.515,143195,217.8786692428853,219.64,218.3256
2025-03-31 14:47:00,219.5,219.69,218.9476,219.4964,130618,217.89688358736578,219.69,218.3256
2025-03-31 14:48:00,219.345,219.4766,219.0229,219.31,68585,217.90518881182052,219.69,218.3256
2025-03-31 14:49:00,219.3125,219.4046,219.1012,219.2612,96407,217.91629955214168,219.69,218.3256
2025-03-31 14:50:00,219.275,219.5188,219.2412,219.4845,62711,217.9246135111424,219.69,218.3256
2025-03-31 14:51:00,219.5,219.54,219.06,219.1148,76744,217.93228559691326,219.69,218.3256
2025-03-31 14:52:00,219.13,219.3532,218.79,218.9,87387,217.93933694125207,219.69,218.391
2025-03-31 14:53:00,218.85,219.2159,218.85,219.04,43289,217.94329557240604,219.69,218.391
2025-03-31 14:54:00,219.09,219.43,218.9296,219.365,70632,217.9515899304545,219.69,218.391
2025-03-31 14:55:00,219.3716,219.4,219.1476,219.33,43674,217.95654454084237,219.69,218.391
2025-03-31 14:56:00,219.33,219.55,218.94,219.44,59007,217.96371393006913,219.69,218.391
2025-03-31 14:57:00,219.438,219.54,219.16,219.27,48319,217.96886319234588,219.69,218.391
2025-03-31 14:58:00,219.265,219.4,219.19,219.2981,56691,217.9749824862961,219.69,218.4813
2025-03-31 14:59:00,219.2801,219.34,219.09,219.255,80485,217.98329412135868,219.69,218.64
2025-03-31 15:00:00,219.27,219.73,219.2051,219.65,101287,217.99680345116192,219.73,218.65
2025-03-31 15:01:00,219.65,219.8,219.066,219.585,72624,218.0059802005195,219.8,218.65
2025-03-31 15:02:00,219.56,219.6795,219.2,219.5688,34053,218.01020293417312,219.8,218.65
2025-03-31 15:03:00,219.56,219.65,219.3948,219.4268,46054,218.01536066862266,219.8,218.72
2025-03-31 15:04:00,219.4412,219.5484,219.32,219.535,91150,218.02623303610395,219.8,218.79
2025-03-31 15:05:00,219.5301,219.5535,219.31,219.5289,61775,218.03348409900977,219.8,218.79
2025-03-31 15:06:00,219.515,219.72,219.3611,219.63,69546,218.04211028212248,219.8,218.79
2025-03-31 15:07:00,219.62,219.86,219.4687,219.81,53683,218.0494530139354,219.86,218.79
2025-03-31 15:08:00,219.81,219.85,219.5,219.51,101172,218.06079673030283,219.86,218.79
2025-03-31 15:09:00,219.51,219.6583,219.37,219.4383,101944,218.07149339127054,219.86,218.79
2025-03-31 15:10:00,219.46,219.69,219.44,219.63,46926,218.07704433106767,219.86,218.79
2025-03-31 15:11:00,219.5863,219.765,219.5,219.6319,58826,218.08395577769917,219.86,218.79
2025-03-31 15:12:00,219.63,220.08,219.6027,219.722,185010,218.106539786194,220.08,218.85
2025-03-31 15:13:00,219.85,219.9519,219.4004,219.7269,56967,218.11338954589192,220.08,218.9296
2025-03-31 15:14:00,219.435,219.7747,219.32,219.345,75319,218.12023492891254,220.08,218.94
2025-03-31 15:15:00,219.345,219.7469,219.16,219.4,116691,218.13116099252073,220.08,218.94
2025-03-31 15:16:00,219.385,219.6573,219.32,219.5,55854,218.1367319730439,220.08,219.066
2025-03-31 15:17:00,219.4016,219.6373,219.1888,219.29,57961,218.14158218566234,220.08,219.066
2025-03-31 15:18:00,219.3,219.5992,219.0488,219.18,79555,218.1475420245422,220.08,219.0488
2025-03-31 15:19:00,219.16,219.5598,218.98,218.985,72694,218.15191105274639,220.08,218.98
2025-03-31 15:20:00,219.0,219.5049,218.9393,219.18,82777,218.15798248676035,220.08,218.9393
2025-03-31 15:21:00,219.18,219.4024,219.05,219.11,221878,218.17281754644478,220.08,218.9393
2025-03-31 15:22:00,219.1216,219.3922,219.0712,219.3686,43458,218.17645609801696,220.08,218.9393
2025-03-31 15:23:00,219.1437,219.61,219.1437,219.58,144267,218.19049181917748,220.08,218.9393
2025-03-31 15:24:00,219.6,219.6597,219.2428,219.59,67900,218.19704795089245,220.08,218.9393
2025-03-31 15:25:00,219.615,219.75,219.2872,219.66,136402,218.21068704004975,220.08,218.9393
2025-03-31 15:26:00,219.65,219.84,219.3736,219.83,200165,218.2325421049005,220.08,218.9393
2025-03-31 15:27:00,219.8202,219.8397,219.3885,219.57,50311,218.23706384363265,220.08,218.9393
2025-03-31 15:28:00,219.57,219.6458,219.26,219.34,111173,218.2452424568152,220.08,218.9393
2025-03-31 15:29:00,219.33,219.5837,219.03,219.12,62867,218.24889523327712,220.08,218.9393
2025-03-31 15:30:00,219.12,219.5387,218.93,218.98,57923,218.25169728173168,220.08,218.93
2025-03-31 15:31:00,218.9807,219.4463,218.88,219.13,60868,218.2552204439114,220.08,218.88
2025-03-31 15:32:00,219.15,219.4552,219.02,219.195,58438,218.2588258266608,219.9519,218.88
2025-03-31 15:33:00,219.1905,219.47,219.06,219.19,64399,218.26274602343776,219.84,218.88
2025-03-31 15:34:00,219.2,219.475,219.0971,219.37,57752,218.26691064500636,219.84,218.88
2025-03-31 15:35:00,219.375,219.59,212.6,219.575,65010,218.27242562527164,219.84,212.6
2025-03-31 15:36:00,219.575,219.71,219.2306,219.35,76743,218.27776212267514,219.84,212.6
2025-03-31 15:37:00,219.5506,219.5506,219.2839,219.335,61407,218.28193507385507,219.84,212.6
2025-03-31 15:38:00,219.3212,219.4609,219.1904,219.29,61550,218.2859074877725,219.84,212.6
2025-03-31 15:39:00,219.2983,219.412,219.2,219.35,69054,218.29059120156637,219.84,212.6
2025-03-31 15:40:00,219.35,219.74,219.2739,219.73,63778,218.29641914342488,219.84,212.6
2025-03-31 15:41:00,219.75,219.84,219.2693,219.82,35937,218.29988713326068,219.84,212.6
2025-03-31 15:42:00,219.82,220.08,219.3815,219.87,91696,218.3089535713492,220.08,212.6
2025-03-31 15:43:00,219.88,219.9429,219.4825,219.695,45179,218.31288577486717,220.08,212.6
2025-03-31 15:44:00,219.68,219.8536,219.5215,219.56,68838,218.31825340788936,220.08,212.6
2025-03-31 15:45:00,219.5988,219.7544,219.52,219.635,41751,218.3216817582446,220.08,212.6
2025-03-31 15:46:00,219.64,219.7496,219.5699,219.6112,40129,218.32490072487764,220.08,212.6
2025-03-31 15:47:00,219.6288,219.738,219.51,219.57,38501,218.32787559323685,220.08,212.6
2025-03-31 15:48:00,219.57,219.67,219.54,219.56,40931,218.3309973347694,220.08,212.6
2025-03-31 15:49:00,219.55,219.94,219.53,219.92,43019,218.33521740840973,220.08,212.6
2025-03-31 15:50:00,219.9199,219.95,219.6464,219.826,76494,218.3422243854406,220.08,212.6
2025-03-31 15:51:00,219.81,220.145,219.7396,220.145,61545,218.34901617477666,220.145,212.6
2025-03-31 15:52:00,220.145,220.18,219.7755,219.898,85970,218.35712511426047,220.18,212.6
2025-03-31 15:53:00,220.035,220.22,219.8151,220.1503,78843,218.36569304548712,220.22,212.6
2025-03-31 15:54:00,220.15,220.1662,219.9946,220.13,90311,218.37529665599328,220.22,212.6
2025-03-31 15:55:00,220.15,220.205,219.88,219.9588,77509,218.3826598578195,220.22,219.1904
2025-03-31 15:56:00,219.955,220.33,219.86,220.3095,74767,218.39126400000126,220.33,219.1904
2025-03-31 15:57:00,220.3067,220.49,219.9801,220.46,73885,218.40035268549855,220.49,219.1904
2025-03-31 15:58:00,220.46,220.59,220.0956,220.3187,93823,218.41099558901468,220.59,219.2
2025-03-31 15:59:00,220.3,220.4438,220.1109,220.355,84364,218.4206453561802,220.59,219.2693
2025-03-31 16:00:00,220.355,220.4192,220.1468,220.275,64244,218.4276284719957,220.59,219.2693
2025-03-31 16:01:00,220.2888,220.337,220.1,220.2864,75999,218.43587227016292,220.59,219.3815
2025-03-31 16:02:00,220.275,220.5,220.2078,220.494,62667,218.44337154629068,220.59,219.4825
2025-03-31 16:03:00,220.49,220.5,220.21,220.29,46591,218.4483605606634,220.59,219.51
2025-03-31 16:04:00,220.285,220.3414,220.1304,220.31,41381,218.45281700902973,220.59,219.51
2025-03-31 16:05:00,220.3,220.44,220.25,220.2784,52488,218.45834334467276,220.59,219.51
2025-03-31 16:06:00,220.27,220.3281,220.08,220.08,35325,218.4616404501306,220.59,219.51
2025-03-31 16:07:00,220.08,220.3067,219.97,220.01,57954,218.46678800241463,220.59,219.53
2025-03-31 16:08:00,220.01,220.2748,219.93,220.0337,79230,218.4738774172958,220.59,219.53
2025-03-31 16:09:00,220.02,220.218,219.7,219.7595,64258,218.47857772309274,220.59,219.6464
2025-03-31 16:10:00,219.7376,220.1634,219.56,219.66,65997,218.48299736463048,220.59,219.56
2025-03-31 16:11:00,219.67,220.0888,219.59,219.78,31157,218.4852839523242,220.59,219.56
2025-03-31 16:12:00,219.77,220.07,219.7251,219.97,48553,218.48935174992667,220.59,219.56
2025-03-31 16:13:00,219.98,220.06,219.794,219.855,37661,218.49224781688,220.59,219.56
2025-03-31 16:14:00,219.855,220.0298,219.8008,219.9929,41097,218.49571250549718,220.59,219.56
2025-03-31 16:15:00,219.985,220.05,219.84,219.97,30708,218.4982514849292,220.59,219.56
2025-03-31 16:16:00,219.9688,220.2099,219.9043,220.1692,45585,218.5025123878132,220.59,219.56
2025-03-31 16:17:00,220.2,220.23,219.9152,220.15,122511,218.5137260561615,220.59,219.56
2025-03-31 16:18:00,220.1487,220.34,219.9397,220.3,41767,218.5178615291882,220.5,219.56
2025-03-31 16:19:00,220.2459,220.44,219.9576,220.3481,69099,218.52484486704913,220.5,219.56
2025-03-31 16:20:00,220.366,220.4097,220.0301,220.14,45910,218.5289290535974,220.5,219.56
2025-03-31 16:21:00,220.14,220.41,220.0932,220.33,36562,218.53254874130315,220.5,219.56
2025-03-31 16:22:00,220.335,220.4,220.132,220.4,71781,218.5398881134629,220.5,219.56
2025-03-31 16:23:00,220.3817,220.57,220.1772,220.52,55203,218.5458549188974,220.57,219.56
2025-03-31 16:24:00,220.52,220.55,220.2406,220.37,50718,218.55089120343905,220.57,219.56
2025-03-31 16:25:00,220.365,220.65,220.2735,220.6162,48199,218.55629593074542,220.65,219.56
2025-03-31 16:26:00,220.625,220.8,220.4294,220.76,92772,218.56734024938288,220.8,219.56
2025-03-31 16:27:00,220.76,220.86,220.3967,220.8192,47921,218.57315475918404,220.86,219.56
2025-03-31 16:28:00,220.82,220.85,220.4898,220.825,49226,218.57911177265564,220.86,219.56
2025-03-31 16:29:00,220.83,220.94,220.5105,220.93,157706,218.59886829601464,220.94,219.56
2025-03-31 16:30:00,220.92,220.9488,220.6257,220.8203,50770,218.60486202475022,220.9488,219.59
2025-03-31 16:31:00,220.8329,220.8745,220.55,220.75,72484,218.61309363121703,220.9488,219.7251
2025-03-31 16:32:00,220.8236,220.8236,220.65,220.73,40374,218.61760868957202,220.9488,219.794
2025-03-31 16:33:00,220.74,220.8176,220.7,220.7701,51954,218.62350024550233,220.9488,219.8008
2025-03-31 16:34:00,220.79,220.8699,220.7546,220.8488,57224,218.63018875011443,220.9488,219.84
2025-03-31 16:35:00,220.84,220.95,220.76,220.81,58126,218.63682354844607,220.95,219.9043
2025-03-31 16:36:00,220.82,220.863,220.68,220.78,34585,218.64069789351342,220.95,219.9152
2025-03-31 16:37:00,220.7766,220.83,220.72,220.82,55284,218.646977267039,220.95,219.9397
2025-03-31 16:38:00,220.82,220.88,220.74,220.84,33494,218.65079892741016,220.95,219.9576
2025-03-31 16:39:00,220.84,221.03,220.81,220.99,106875,218.6637342538414,221.03,220.0301
2025-03-31 16:40:00,220.996,221.01,220.75,220.77,62226,218.67049388096788,221.03,220.0932
2025-03-31 16:41:00,220.77,220.8673,220.6412,220.67,37067,218.67430909061528,221.03,220.132
2025-03-31 16:42:00,220.68,220.8602,220.66,220.685,37626,218.67819597164024,221.03,220.1772
2025-03-31 16:43:00,220.685,220.8609,220.54,220.625,37408,218.68193037078507,221.03,220.2406
2025-03-31 16:44:00,220.62,220.8316,220.46,220.505,43198,218.6859597668145,221.03,220.2735
2025-03-31 16:45:00,220.52,220.7696,220.48,220.73,42853,218.69043167160015,221.03,220.3967
2025-03-31 16:46:00,220.71,220.7899,220.43,220.4488,53775,218.69524584223964,221.03,220.3967
2025-03-31 16:47:00,220.44,220.7351,220.36,220.5174,34453,218.69843651476896,221.03,220.36
2025-03-31 16:48:00,220.52,220.7134,220.37,220.4,43225,218.70216644053357,221.03,220.36
2025-03-31 16:49:00,220.41,220.694,220.32,220.335,32340,218.7048399841975,221.03,220.32
2025-03-31 16:50:00,220.34,220.5324,220.18,220.4493,69368,218.71094522693315,221.03,220.18
2025-03-31 16:51:00,220.305,220.5105,220.28,220.43,28463,218.713410300687,221.03,220.18
2025-03-31 16:52:00,220.43,220.57,215.185,220.49,30161,218.71610576130038,221.03,215.185
2025-03-31 16:53:00,220.4901,220.53,220.3898,220.52,21067,218.71801541175847,221.03,215.185
2025-03-31 16:54:00,220.52,220.61,220.3998,220.5312,41293,218.7217699656774,221.03,215.185
2025-03-31 16:55:00,220.53,220.5311,220.3212,220.39,59301,218.72671612707958,221.03,215.185
2025-03-31 16:56:00,220.3884,220.4808,220.1,220.1688,73099,218.73196744035894,221.03,215.185
2025-03-31 16:57:00,220.14,220.3926,220.12,220.12,35730,218.73443362916535,221.03,215.185
2025-03-31 16:58:00,220.1376,220.3676,220.08,220.1635,35896,218.73697997613496,221.03,215.185
2025-03-31 16:59:00,220.165,220.3405,220.0812,220.11,45604,218.74008108437167,221.01,215.185
2025-03-31 17:00:00,220.09,220.2948,219.47,220.0,69146,218.74438102094936,220.8673,215.185
2025-03-31 17:01:00,220.0,220.2719,219.9205,220.1864,53098,218.7481503567559,220.8609,215.185
2025-03-31 17:02:00,220.052,220.2489,219.98,220.13,44869,218.75119589913697,220.8609,215.185
2025-03-31 17:03:00,220.14,220.2479,220.0798,220.168,38019,218.75383683392263,220.8316,215.185
2025-03-31 17:04:00,220.17,220.29,220.0928,220.2026,66044,218.75851282809262,220.7899,215.185
2025-03-31 17:05:00,220.22,220.39,220.1163,220.3486,40884,218.76168349524326,220.7899,215.185
2025-03-31 17:06:00,220.3385,220.47,220.1563,220.42,54298,218.76606354448225,220.7351,215.185
2025-03-31 17:07:00,220.425,220.5,220.1669,220.4312,52189,218.7702800765386,220.7134,215.185
2025-03-31 17:08:00,220.45,220.55,220.1943,220.54,33618,218.7731620845599,220.694,215.185
2025-03-31 17:09:00,220.54,220.69,220.3551,220.64,40451,218.77681302270088,220.69,215.185
2025-03-31 17:10:00,220.5491,220.76,220.3071,220.7,46542,218.78113078784392,220.76,215.185
2025-03-31 17:11:00,220.7018,220.71,220.3466,220.5012,34238,218.783966943694,220.76,215.185
2025-03-31 17:12:00,220.51,220.6525,220.3874,220.5826,29612,218.7865282834871,220.76,219.47
2025-03-31 17:13:00,220.67,220.74,220.4282,220.72,42860,218.7905052565706,220.76,219.47
2025-03-31 17:14:00,220.72,220.7388,220.43,220.47,62776,218.7955498772602,220.76,219.47
2025-03-31 17:15:00,220.47,220.6296,220.25,220.305,49250,218.7990984934602,220.76,219.47
2025-03-31 17:16:00,220.305,220.5626,220.0801,220.11,35879,218.80133979997544,220.76,219.47
2025-03-31 17:17:00,220.09,220.5293,220.05,220.1626,30797,218.80333461913085,220.76,219.47
2025-03-31 17:18:00,220.18,220.5086,220.07,220.1019,30178,218.80519664220972,220.76,219.47
2025-03-31 17:19:00,220.1198,220.4653,219.82,219.8509,50234,218.80768665558398,220.76,219.47
2025-03-31 17:20:00,219.85,220.3993,219.73,219.895,58296,218.81068299110473,220.76,219.73
2025-03-31 17:21:00,219.89,220.2894,219.68,219.77,48184,218.81286307841893,220.76,219.68
2025-03-31 17:22:00,219.9245,220.1897,219.51,219.55,74850,218.81545617331753,220.76,219.51
2025-03-31 17:23:00,219.55,220.0986,219.47,219.6199,48535,218.81728696816904,220.76,219.47
2025-03-31 17:24:00,219.74,219.9582,219.5203,219.65,49156,218.81920193359738,220.76,219.47
2025-03-31 17:25:00,219.64,219.8662,219.47,219.47,58207,218.82096931177904,220.76,219.47
2025-03-31 17:26:00,219.48,219.7812,219.48,219.48,50191,218.8225089677885,220.76,219.47
2025-03-31 17:27:00,219.49,219.7332,219.385,219.5012,39368,218.8237503701762,220.76,219.385
2025-03-31 17:28:00,219.53,219.6976,219.4671,219.56,38546,218.82506657788073,220.76,219.385
2025-03-31 17:29:00,219.5665,219.87,219.5433,219.87,51022,218.8275334102903,220.76,219.385
2025-03-31 17:30:00,219.86,219.87,219.5933,219.6325,44299,218.82917996463132,220.74,219.385
2025-03-31 17:31:00,219.62,220.0158,219.59,219.6738,64539,218.83168951315798,220.74,219.385
2025-03-31 17:32:00,219.69,219.81,219.61,219.78,30860,218.83303488362387,220.74,219.385
2025-03-31 17:33:00,219.79,219.8,219.53,219.5745,21003,218.83375011793152,220.7388,219.385
2025-03-31 17:34:00,219.58,219.69,219.57,219.6695,26431,218.8347634209164,220.6296,219.385
2025-03-31 17:35:00,219.6725,219.68,219.42,219.42,41020,218.83586257882314,220.5626,219.385
2025-03-31 17:36:00,219.43,219.66,219.4,219.5946,37458,218.83716162580623,220.5293,219.385
2025-03-31 17:37:00,219.422,220.0158,219.37,219.65,71092,218.83979434640094,220.5086,219.37
2025-03-31 17:38:00,219.65,219.88,219.5087,219.87,50563,218.84216210432857,220.4653,219.37
2025-03-31 17:39:00,219.8688,219.88,219.5915,219.8,27007,218.84333650444003,220.3993,219.37
2025-03-31 17:40:00,219.79,219.82,219.6066,219.6208,28416,218.844338188514,220.2894,219.37
2025-03-31 17:41:00,219.63,219.7595,219.52,219.61,19005,218.84499739065402,220.1897,219.37
2025-03-31 17:42:00,219.61,219.7054,219.49,219.5119,20708,218.84562242962713,220.0986,219.37
2025-03-31 17:43:00,219.53,219.678,219.4,219.46,36123,218.84662523405103,220.0158,219.37
2025-03-31 17:44:00,219.451,219.6201,219.345,219.3888,32204,218.84741303172387,220.0158,219.345
2025-03-31 17:45:00,219.385,219.5785,219.28,219.3625,50810,218.8485911824064,220.0158,219.28
2025-03-31 17:46:00,219.355,219.5403,219.24,219.505,60220,218.8503658233943,220.0158,219.24
2025-03-31 17:47:00,219.51,219.535,219.32,219.3321,56740,218.85158983985121,220.0158,219.24
2025-03-31 17:48:00,219.33,219.4957,219.28,219.367,32415,218.85233690679277,220.0158,219.24
2025-03-31 17:49:00,219.37,219.57,219.28,219.56,67999,218.85448212298422,220.0158,219.24
2025-03-31 17:50:00,219.57,219.69,219.4194,219.68,47383,218.85622222463462,220.0158,219.24
2025-03-31 17:51:00,219.7,219.8488,219.4482,219.82,43531,218.85808500187264,220.0158,219.24
2025-03-31 17:52:00,219.82,220.15,219.5374,220.1145,61845,218.86152558589214,220.15,219.24
2025-03-31 17:53:00,220.09,220.17,219.5258,220.14,52520,218.86449179957867,220.17,219.24
2025-03-31 17:54:00,220.1317,220.25,219.5876,220.13,57847,218.8677174929424,220.25,219.24
2025-03-31 17:55:00,220.135,220.1432,219.6625,220.0012,40621,218.86974268428176,220.25,219.24
2025-03-31 17:56:00,220.0,220.0967,219.7189,219.77,29800,218.87092114382386,220.25,219.24
2025-03-31 17:57:00,219.7712,220.0616,219.68,219.69,33736,218.87213315867942,220.25,219.24
2025-03-31 17:58:00,219.7,220.0067,219.56,219.5768,35032,218.87321427044643,220.25,219.24
2025-03-31 17:59:00,219.5888,219.9307,219.41,219.46,38053,218.87419053408118,220.25,219.24
2025-03-31 18:00:00,219.49,219.8509,219.455,219.645,70047,218.87654399621866,220.25,219.24
2025-03-31 18:01:00,219.66,219.95,219.5527,219.91,44931,218.87856403167837,220.25,219.24
2025-03-31 18:02:00,219.6802,220.05,219.6572,219.9699,66878,218.88172995912439,220.25,219.24
2025-03-31 18:03:00,219.97,220.14,219.7355,220.1276,31193,218.88341341551802,220.25,219.24
2025-03-31 18:04:00,220.15,220.15,219.7717,220.07,32110,218.8850616084971,220.25,219.24
2025-03-31 18:05:00,220.0679,220.1399,219.8059,220.0499,31192,218.8866312179872,220.25,219.24
2025-03-31 18:06:00,220.05,220.25,219.8051,220.22,29709,218.88834030434253,220.25,219.28
2025-03-31 18:07:00,220.21,220.32,219.8398,220.31,37186,218.89061752227383,220.32,219.28
2025-03-31 18:08:00,220.31,220.4188,219.9453,220.395,65019,218.89481910959057,220.4188,219.28
2025-03-31 18:09:00,220.41,220.7,219.9958,220.6379,79354,218.9007404954378,220.7,219.41
2025-03-31 18:10:00,220.64,220.83,220.1167,220.81,54639,218.90519592979211,220.83,219.41
2025-03-31 18:11:00,220.81,220.83,220.2663,220.8088,70039,218.91087322835946,220.83,219.41
2025-03-31 18:12:00,220.78,220.89,220.426,220.84,68424,218.9164776508666,220.89,219.41
2025-03-31 18:13:00,220.84,220.85,220.4534,220.555,69714,218.92131325154523,220.89,219.41
2025-03-31 18:14:00,220.503,220.7125,220.38,220.44,54726,218.9248234768847,220.89,219.41
2025-03-31 18:15:00,220.4702,220.6358,220.22,220.25,45849,218.92738463575367,220.89,219.41
2025-03-31 18:16:00,220.2562,220.603,220.24,220.52,45148,218.93040985319783,220.89,219.41
2025-03-31 18:17:00,220.54,220.65,220.4079,220.63,46520,218.93372988234094,220.89,219.41
2025-03-31 18:18:00,220.6202,220.7188,220.4964,220.6212,62105,218.9381191244455,220.89,219.41
2025-03-31 18:19:00,220.64,220.7888,220.5247,220.7,48269,218.94167375638813,220.89,219.455
2025-03-31 18:20:00,220.71,220.81,220.47,220.5017,94459,218.9478087450198,220.89,219.5527
2025-03-31 18:21:00,220.5088,220.6911,220.4504,220.5712,44414,218.95080500363704,220.89,219.6572
2025-03-31 18:22:00,220.59,220.6559,220.5,220.6,29412,218.9528182748247,220.89,219.7355
2025-03-31 18:23:00,220.6,220.6412,220.42,220.5188,36199,218.95516756658748,220.89,219.7717
2025-03-31 18:24:00,220.5001,220.6288,219.3211,220.49,56458,218.95875038810738,220.89,219.3211
2025-03-31 18:25:00,220.4789,220.5879,220.4302,220.5539,30647,218.96076911766312,220.89,219.3211
2025-03-31 18:26:00,220.5482,220.5881,220.4,220.54,43057,218.9635720115379,220.89,219.3211
2025-03-31 18:27:00,220.54,220.66,220.4828,220.56,36019,218.96593876984338,220.89,219.3211
2025-03-31 18:28:00,220.56,220.65,220.44,220.6488,39134,218.96864507332205,220.89,219.3211
2025-03-31 18:29:00,220.64,220.82,220.5683,220.7912,57036,218.97290681303636,220.89,219.3211
2025-03-31 18:30:00,220.8,220.85,220.5701,220.7359,100592,218.98014756977213,220.89,219.3211
2025-03-31 18:31:00,220.78,220.94,220.6021,220.9,60518,218.9848796328159,220.94,219.3211
2025-03-31 18:32:00,220.91,220.93,220.6454,220.79,45940,218.988250824368,220.94,219.3211
2025-03-31 18:33:00,220.78,220.88,220.6483,220.87,34293,218.99087050567624,220.94,219.3211
2025-03-31 18:34:00,220.87,220.92,220.6841,220.9093,61565,218.99565324712697,220.94,219.3211
2025-03-31 18:35:00,220.905,220.95,220.7125,220.9012,84363,219.00214090102085,220.95,219.3211
2025-03-31 18:36:00,220.91,220.96,220.7984,220.93,94682,219.00947931926652,220.96,219.3211
2025-03-31 18:37:00,220.92,220.966,220.77,220.8793,45789,219.0129150737732,220.966,219.3211
2025-03-31 18:38:00,220.88,220.93,220.696,220.7897,80974,219.01866990433993,220.966,219.3211
2025-03-31 18:39:00,220.785,220.95,220.7776,220.86,72058,219.02396185748532,220.966,219.3211
2025-03-31 18:40:00,220.855,221.05,220.73,221.05,101236,219.0321095512355,221.05,219.3211
2025-03-31 18:41:00,221.045,221.1,220.8656,221.074,58864,219.03687298336106,221.1,219.3211
2025-03-31 18:42:00,221.08,221.0998,220.78,220.8137,73396,219.04202638371405,221.1,219.3211
2025-03-31 18:43:00,220.815,220.95,220.8,220.9,39236,219.04490264128458,221.1,219.3211
2025-03-31 18:44:00,220.9072,220.9389,220.68,220.6989,55018,219.04848526665668,221.1,220.4
2025-03-31 18:45:00,220.695,220.9027,220.38,220.485,124420,219.0554875539377,221.1,220.38
2025-03-31 18:46:00,220.4882,220.826,220.39,220.54,65432,219.05928334064558,221.1,220.38
2025-03-31 18:47:00,220.54,220.7656,220.4305,220.514,40137,219.06156142837398,221.1,220.38
2025-03-31 18:48:00,220.5288,220.7587,220.499,220.595,44519,219.06422034797137,221.1,220.38
2025-03-31 18:49:00,220.6,220.87,220.5418,220.81,56773,219.0680721630115,221.1,220.38
2025-03-31 18:50:00,220.81,221.08,220.5818,221.068,78559,219.07415940454422,221.1,220.38
2025-03-31 18:51:00,221.0401,221.1688,220.7077,221.1096,56149,219.07857782411247,221.1688,220.38
2025-03-31 18:52:00,221.1,221.1188,220.7392,221.09,36843,219.08143874969787,221.1688,220.38
2025-03-31 18:53:00,221.1,221.21,220.7509,221.19,92092,219.08890865644108,221.21,220.38
2025-03-31 18:54:00,221.19,221.21,220.7972,220.97,46212,219.09224676408917,221.21,220.38
2025-03-31 18:55:00,220.96,221.0929,220.8124,220.93,50656,219.0958146405143,221.21,220.38
2025-03-31 18:56:00,220.945,221.072,220.8212,220.885,45781,219.09894843839044,221.21,220.38
2025-03-31 18:57:00,220.885,221.0329,220.81,220.8835,44632,219.10199047802158,221.21,220.38
2025-03-31 18:58:00,220.89,221.0046,220.78,220.7888,43694,219.10480078077399,221.21,220.38
2025-03-31 18:59:00,220.785,220.9669,220.55,220.5712,78425,219.10917273152035,221.21,220.38
2025-03-31 19:00:00,220.57,220.928,220.545,220.86,74833,219.11413946911284,221.21,220.38
2025-03-31 19:01:00,220.85,221.5396,220.7025,220.9313,62589,219.11844074064135,221.5396,220.38
2025-03-31 19:02:00,220.9488,221.0,220.7799,220.9488,56546,219.1223465949296,221.5396,220.38
2025-03-31 19:03:00,220.8793,220.9652,220.7888,220.94,51088,219.12584420418779,221.5396,220.38
2025-03-31 19:04:00,220.95,221.05,220.8046,221.0,43667,219.12892162332577,221.5396,220.38
2025-03-31 19:05:00,221.0,221.17,220.842,221.08,82456,219.13495249489011,221.5396,220.39
2025-03-31 19:06:00,221.08,221.15,220.8771,221.15,80353,219.14100401200955,221.5396,220.4305
2025-03-31 19:07:00,221.15,221.16,220.9045,221.0032,56107,219.1449008249895,221.5396,220.499
2025-03-31 19:08:00,221.01,221.22,220.9063,221.15,64234,219.14969295685538,221.5396,220.5418
2025-03-31 19:09:00,221.1599,221.1599,220.9374,221.11,50146,219.15334367900675,221.5396,220.545
2025-03-31 19:10:00,221.095,221.3,220.9921,221.27,155526,219.16549911385138,221.5396,220.545
2025-03-31 19:11:00,221.27,221.42,221.0917,221.3688,81231,219.17208800103307,221.5396,220.545
2025-03-31 19:12:00,221.3699,221.46,221.116,221.4431,80641,219.17881009219883,221.5396,220.545
2025-03-31 19:13:00,221.445,221.6188,221.1475,221.5488,87422,219.1863907159731,221.6188,220.545
2025-03-31 19:14:00,221.55,221.5688,221.3511,221.545,73057,219.1926784798569,221.6188,220.545
2025-03-31 19:15:00,221.545,221.56,221.2433,221.47,53121,219.19708431208,221.6188,220.545
2025-03-31 19:16:00,221.47,221.62,221.2816,221.51,105609,219.20594629463935,221.62,220.545
2025-03-31 19:17:00,221.505,238.03,221.23,221.29,63159,219.2107108271656,238.03,220.545
2025-03-31 19:18:00,221.285,221.5019,221.205,221.25,70139,219.2158751492455,238.03,220.545
2025-03-31 19:19:00,221.245,238.03,221.07,221.205,97547,219.22285625153063,238.03,220.545
2025-03-31 19:20:00,221.205,221.3826,221.145,221.2,58017,219.22697472201637,238.03,220.7025
2025-03-31 19:21:00,221.2088,221.41,221.18,221.35,60404,219.2315690548555,238.03,220.7799
2025-03-31 19:22:00,221.349,221.51,221.2519,221.376,82612,219.237897154637,238.03,220.7888
2025-03-31 19:23:00,221.4618,221.64,221.2874,221.63,116974,219.2478506688393,238.03,220.8046
2025-03-31 19:24:00,221.63,221.735,221.4057,221.638,76508,219.25433789134001,238.03,220.842
2025-03-31 19:25:00,221.63,221.63,221.35,221.38,116679,219.2631002273608,238.03,220.8771
2025-03-31 19:26:00,221.4394,221.5147,221.14,221.23,72145,219.2681007559187,238.03,220.9045
2025-03-31 19:27:00,221.21,221.4825,221.1,221.4088,59371,219.27257016168312,238.03,220.9063
2025-03-31 19:28:00,221.39,221.4349,221.21,221.2401,59736,219.27669461015657,238.03,220.9374
2025-03-31 19:29:00,221.24,221.3845,221.07,221.225,67733,219.2813145329282,238.03,220.9921
2025-03-31 19:30:00,221.2388,221.3858,221.0,221.1433,151826,219.2911591207996,238.03,221.0
2025-03-31 19:31:00,221.015,221.3373,220.9901,221.115,118500,219.29865447088295,238.03,220.9901
2025-03-31 19:32:00,221.1701,221.45,221.0974,221.425,176752,219.31160927231,238.03,220.9901
2025-03-31 19:33:00,221.425,221.77,221.1816,221.72,106222,219.32039518300968,238.03,220.9901
2025-03-31 19:34:00,221.7,221.97,221.2903,221.91,100251,219.32928053985148,238.03,220.9901
2025-03-31 19:35:00,221.91,221.99,221.3383,221.8907,165261,219.34368689847696,238.03,220.9901
2025-03-31 19:36:00,221.89,221.9288,221.4378,221.69,111704,219.35257297250826,238.03,220.9901
2025-03-31 19:37:00,221.6719,221.96,221.4982,221.9,152899,219.36571057426764,238.03,220.9901
2025-03-31 19:38:00,221.8988,221.8988,221.5543,221.6388,136211,219.37610612919508,238.03,220.9901
2025-03-31 19:39:00,221.65,222.0,221.5161,221.845,120690,219.38607019056283,222.0,220.9901
2025-03-31 19:40:00,221.85,222.08,221.6066,222.06,268728,219.40988463122082,222.08,220.9901
2025-03-31 19:41:00,222.0699,222.21,221.8451,222.1901,161379,219.42467524947722,222.21,220.9901
2025-03-31 19:42:00,222.2,222.3088,221.8569,222.15,162563,219.4392023743705,222.3088,220.9901
2025-03-31 19:43:00,222.145,222.34,221.9046,222.28,154355,219.45350804298906,222.34,220.9901
2025-03-31 19:44:00,222.29,222.37,221.9587,222.085,136656,219.46518812716917,222.37,220.9901
2025-03-31 19:45:00,222.085,222.365,221.94,222.335,117527,219.476101315166,222.37,220.9901
2025-03-31 19:46:00,222.335,222.38,222.0291,222.3563,128751,219.48805022098,222.38,220.9901
2025-03-31 19:47:00,222.37,222.9897,222.0944,222.255,121066,219.49880218141377,222.9897,220.9901
2025-03-31 19:48:00,222.25,222.29,222.0033,222.24,134398,219.5105762877417,222.9897,220.9901
2025-03-31 19:49:00,222.24,222.28,221.9897,222.065,162259,219.52375430949843,222.9897,220.9901
2025-03-31 19:50:00,222.065,225.62,221.92,224.05,1372920,219.71306562374517,225.62,220.9901
2025-03-31 19:51:00,224.03,224.04,222.68,222.7,721159,219.7772769886017,225.62,221.0974
2025-03-31 19:52:00,222.68,223.4324,222.2,222.32,635453,219.82454724720952,225.62,221.1816
2025-03-31 19:53:00,222.34,223.0838,222.11,222.29,404147,219.85335681788277,225.62,221.2903
2025-03-31 19:54:00,222.29,223.0655,222.28,222.735,596949,219.90224976942915,225.62,221.3383
2025-03-31 19:55:00,222.76,222.9021,221.2001,222.205,909095,219.9602521288706,225.62,221.2001
2025-03-31 19:56:00,222.21,222.606,221.6795,222.345,510215,219.9934942572838,225.62,221.2001
2025-03-31 19:57:00,222.345,222.695,221.9616,222.67,580890,220.0353077953693,225.62,221.2001
2025-03-31 19:58:00,222.64,223.0,222.2628,222.82,761460,220.09119021418738,225.62,221.2001
2025-03-31 19:59:00,222.82,222.96,221.73,221.995,2116028,220.19175085833461,225.62,221.2001
2025-03-31 20:00:00,222.13,222.99,221.45,222.0,30896944,220.9791147931534,225.62,221.2001
2025-03-31 20:01:00,222.0,222.13,221.66,222.13,43807,220.9798248763045,225.62,221.2001
2025-03-31 20:02:00,222.1,222.13,222.02,222.11,28263,220.9802745783338,225.62,221.2001
2025-03-31 20:03:00,222.105,222.13,222.06,222.06,1097443,220.99670305829972,225.62,221.2001
2025-03-31 20:04:00,222.13,222.13,222.07,222.08,2583739,221.03416696636174,225.62,221.2001
2025-03-31 20:05:00,222.08,222.13,221.73,221.86,6655,221.0342405224369,225.62,221.2001
2025-03-31 20:06:00,222.13,222.13,221.71,221.8,18582,221.03443091723537,225.62,221.2001
2025-03-31 20:07:00,221.7987,222.13,221.64,222.13,8334,221.03455307331333,225.62,221.2001
2025-03-31 20:08:00,221.79,222.13,221.79,221.79,218000,221.0367500095129,225.62,221.2001
2025-03-31 20:09:00,221.83,221.94,221.76,221.94,2023,221.03677438476527,225.62,221.2001
2025-03-31 20:10:00,221.94,221.94,221.93,221.9399,7662,221.03686668253226,224.04,221.2001
2025-03-31 20:11:00,221.93,222.13,221.93,221.94,686171,221.04505752112667,223.4324,221.2001
2025-03-31 20:12:00,221.94,221.94,221.93,221.9302,749,221.04506628376419,223.0838,221.2001
2025-03-31 20:13:00,221.93,222.13,221.93,221.93,5795,221.04513405895744,223.0655,221.2001
2025-03-31 20:14:00,221.94,221.94,221.93,221.93,6417,221.04520909661537,223.0,221.2001
2025-03-31 20:15:00,221.93,222.13,221.93,221.94,814,221.0452187218438,223.0,221.45
2025-03-31 20:16:00,221.94,222.13,221.93,221.93,5804,221.04528657891322,223.0,221.45
2025-03-31 20:17:00,221.93,221.94,221.8,221.89,1484,221.0453031429639,223.0,221.45
2025-03-31 20:18:00,221.84,222.13,221.81,221.81,432,221.04530750806018,222.99,221.45
2025-03-31 20:19:00,221.8,222.13,221.65,221.94,3056,221.04534363493397,222.99,221.45
2025-03-31 20:20:00,222.13,222.13,221.83,221.86,8076,221.04543055652442,222.13,221.64
2025-03-31 20:21:00,221.91,221.91,221.86,221.9097,1806,221.04545117770098,222.13,221.64
2025-03-31 20:22:00,221.88,221.89,221.86,221.86,81,221.04545204936318,222.13,221.64
2025-03-31 20:23:00,221.86,221.91,221.86,221.89,2222,221.04547684079958,222.13,221.64
2025-03-31 20:24:00,221.89,221.91,221.8,221.8,1739,221.04549417466828,222.13,221.64
2025-03-31 20:25:00,221.82,221.82,221.74,221.78,364,221.04549770664542,222.13,221.64
2025-03-31 20:26:00,221.7504,221.81,221.75,221.76,799,221.0455052483077,222.13,221.64
2025-03-31 20:27:00,221.85,221.89,221.78,221.78,485,221.04550995422537,222.13,221.65
2025-03-31 20:28:00,221.78,221.79,221.72,221.72,1829,221.04552625066182,222.13,221.65
2025-03-31 20:29:00,221.79,221.79,221.7895,221.79,2380,221.045549656063,222.13,221.65
2025-03-31 20:30:00,221.79,221.79,221.7601,221.77,900,221.04555826869148,222.13,221.65
2025-03-31 20:31:00,221.77,221.78,221.65,221.72,1264,221.04556952948093,222.13,221.65
2025-03-31 20:32:00,221.78,221.78,221.72,221.78,1627,221.04558531308706,222.13,221.65
2025-03-31 20:33:00,221.729,222.13,221.72,221.79,22998,221.0458113821264,222.13,221.65
2025-03-31 20:34:00,221.77,222.13,221.73,221.73,48118,221.04624583596444,222.13,221.65
2025-03-31 20:35:00,221.77,221.78,221.73,221.74,417,221.04624965364417,222.13,221.65
2025-03-31 20:36:00,221.74,221.78,221.64,221.78,1667,221.0462657947097,222.13,221.64
2025-03-31 20:37:00,221.7,221.79,221.7,221.79,19,221.04626598118426,222.13,221.64
2025-03-31 20:38:00,221.74,221.74,221.65,221.65,863,221.04627285661118,222.13,221.64
2025-03-31 20:39:00,221.67,221.68,221.65,221.68,369,221.0462759424255,222.13,221.64
2025-03-31 20:40:00,221.67,221.68,221.5227,221.63,2097,221.04629209475323,222.13,221.5227
2025-03-31 20:41:00,221.62,221.63,221.53,221.63,362,221.04629488299972,222.13,221.5227
2025-03-31 20:42:00,221.63,221.68,221.59,221.68,429,221.04629847031103,222.13,221.5227
2025-03-31 20:43:00,221.6501,221.72,221.6501,221.7,146,221.04629972968897,222.13,221.5227
2025-03-31 20:44:00,221.7,221.72,221.6676,221.67,198,221.04630135922406,222.13,221.5227
2025-03-31 20:45:00,221.72,221.72,221.67,221.72,213,221.04630325272987,222.13,221.5227
2025-03-31 20:46:00,221.7,221.72,221.56,221.56,698,221.0463079840203,222.13,221.5227
2025-03-31 20:47:00,221.53,224.8201,221.52,221.6,2199,221.04632404966873,224.8201,221.52
2025-03-31 20:48:00,221.6,221.6,221.57,221.6,1006,221.04633139908157,224.8201,221.52
2025-03-31 20:49:00,221.6,221.6,221.5706,221.6,873,221.04633777669423,224.8201,221.52
2025-03-31 20:50:00,221.57,221.6,221.57,221.5995,171,221.04633902477198,224.8201,221.52
2025-03-31 20:51:00,221.59,221.6,221.57,221.6,2630,221.04635823699468,224.8201,221.52
2025-03-31 20:52:00,221.65,221.73,221.65,221.721,1981,221.04637586991714,224.8201,221.52
2025-03-31 20:53:00,221.74,221.77,221.72,221.74,263,221.04637827674503,224.8201,221.52
2025-03-31 20:54:00,221.73,221.76,221.72,221.76,207,221.04638022570228,224.8201,221.52
2025-03-31 20:55:00,221.7401,221.8,221.74,221.75,402,221.04638395756527,224.8201,221.52
2025-03-31 20:56:00,221.75,221.76,221.74,221.74,316,221.0463868493503,224.8201,221.52
2025-03-31 20:57:00,221.76,221.76,221.74,221.74,470,221.04639115037835,224.8201,221.52
2025-03-31 20:58:00,221.75,223.4856,218.5633,221.75,529,221.04639606105155,224.8201,218.5633
2025-03-31 20:59:00,221.74,221.8,206.397,221.7414,2702,221.04642083591088,224.8201,206.397
2025-03-31 21:00:00,221.78,221.7996,218.0384,221.75,1440,221.04643420204448,224.8201,206.397
2025-03-31 21:01:00,221.75,221.78,206.397,221.74,1914,221.0464517145777,224.8201,206.397
2025-03-31 21:02:00,221.74,221.7507,221.74,221.7507,43,221.04645211407455,224.8201,206.397
2025-03-31 21:03:00,221.76,229.248,221.75,229.248,287,221.04648316647663,229.248,206.397
2025-03-31 21:04:00,221.8,221.8,218.5633,221.75,1094,221.04649331967866,229.248,206.397
2025-03-31 21:05:00,221.75,221.79,218.5633,221.79,505,221.04649827286391,229.248,206.397
2025-03-31 21:06:00,221.79,221.79,221.7464,221.7464,136,221.04649952855704,229.248,206.397
2025-03-31 21:07:00,221.76,221.76,221.7,221.7,868,221.046507011427,229.248,206.397
2025-03-31 21:08:00,221.6982,221.6982,218.5633,221.66,197,221.0465086057535,229.248,206.397
2025-03-31 21:09:00,221.69,221.7,218.5633,218.5633,3259,221.04640185269366,229.248,206.397
2025-03-31 21:10:00,221.6,221.78,221.41,221.53,7002,221.04644651584783,229.248,206.397
2025-03-31 21:11:00,229.248,229.248,221.66,221.66,39,221.04644683146415,229.248,206.397
2025-03-31 21:12:00,218.5633,221.75,218.5633,221.6001,96,221.04644753251725,229.248,206.397
2025-03-31 21:13:00,221.6,226.3287,218.5633,221.6,178,221.046448832147,229.248,206.397
2025-03-31 21:14:00,221.61,221.78,221.52,221.78,111,221.04644990612064,229.248,206.397
2025-03-31 21:15:00,221.74,221.74,221.64,221.65,232,221.04645175300712,229.248,206.397
2025-03-31 21:16:00,221.78,221.78,221.61,221.61,160,221.04645294230068,229.248,206.397
2025-03-31 21:17:00,221.72,221.78,221.7,221.72,12,221.046453048908,229.248,206.397
2025-03-31 21:18:00,221.7,221.7527,221.6,221.6,229,221.04645472087057,229.248,206.397
2025-03-31 21:19:00,221.7,221.7,221.62,221.68,26,221.04645493813442,229.248,206.397
2025-03-31 21:20:00,221.7,222.13,221.6,222.13,36,221.04645545263483,229.248,206.397
2025-03-31 21:21:00,221.6,221.6982,221.6,221.6,44,221.04645577388342,229.248,218.5633
2025-03-31 21:22:00,221.61,221.61,221.5,221.5,2868,221.04647292997495,229.248,218.5633
2025-03-31 21:23:00,221.63,221.63,221.5,221.5,20,221.0464730496084,229.248,218.5633
2025-03-31 21:24:00,221.58,221.6,221.49,221.53,420,221.04647572807986,229.248,218.5633
2025-03-31 21:25:00,221.5,221.55,221.5,221.5,140,221.0464765655027,229.248,218.5633
2025-03-31 21:26:00,221.5,221.52,221.5,221.52,38,221.04647680282642,229.248,218.5633
2025-03-31 21:27:00,221.5472,221.55,221.5,221.5,348,221.04647888440485,229.248,218.5633
2025-03-31 21:28:00,221.5,221.5,221.45,221.45,238,221.04648015105272,229.248,218.5633
2025-03-31 21:29:00,221.35,221.55,221.35,221.47,77,221.04648058115993,229.248,218.5633
2025-03-31 21:30:00,221.47,221.47,221.4017,221.4017,143,221.04648125111262,229.248,218.5633
2025-03-31 21:31:00,221.4,221.6,221.4,221.45,1542,221.04648945747456,226.3287,218.5633
2025-03-31 21:32:00,221.45,222.13,221.43,221.45,20820,221.04660022665723,226.3287,218.5633
2025-03-31 21:33:00,221.5,221.6937,221.4,221.43,330,221.04660189485386,222.13,221.35
2025-03-31 21:34:00,221.47,221.68,221.43,221.68,74,221.04660251285532,222.13,221.35
2025-03-31 21:35:00,221.6,221.6,221.59,221.59,2,221.04660252718475,222.13,221.35
2025-03-31 21:36:00,221.45,221.45,221.45,221.45,6,221.0466025590976,222.13,221.35
2025-03-31 21:37:00,221.6,221.6,221.45,221.5,73,221.04660299549533,222.13,221.35
2025-03-31 21:38:00,221.4,221.7,221.4,221.51,114,221.04660369202236,222.13,221.35
2025-03-31 21:39:00,221.59,221.59,221.51,221.51,15,221.0466037836705,222.13,221.35
2025-03-31 21:40:00,221.6,221.6,221.51,221.53,47,221.04660408322832,222.13,221.35
2025-03-31 21:41:00,221.6,221.6,221.35,221.52,129,221.0466048884084,222.13,221.35
2025-03-31 21:42:00,221.35,221.6988,221.35,221.45,251,221.04660622340987,222.13,221.35
2025-03-31 21:43:00,221.62,221.65,221.6,221.6,60,221.04660666119656,222.13,221.35
2025-03-31 21:44:00,221.57,221.57,221.57,221.57,1,221.04660666809744,222.13,221.35
2025-03-31 21:45:00,221.58,221.67,221.58,221.65,119,221.0466076148224,222.13,221.35
2025-03-31 21:46:00,221.65,221.695,221.65,221.695,26,221.04660783709576,222.13,221.35
2025-03-31 21:47:00,221.51,221.7,221.51,221.7,126,221.04660892257107,222.13,221.35
2025-03-31 21:48:00,221.65,221.7,221.56,221.561,180,221.04661014335943,222.13,221.35
2025-03-31 21:49:00,221.6757,221.7,221.595,221.595,288,221.04661222571409,222.13,221.35
2025-03-31 21:50:00,221.6,221.6,221.5,221.6,650,221.0466169682649,222.13,221.35
2025-03-31 21:51:00,221.5,221.5,221.5,221.5,57,221.04661730899372,222.13,221.35
2025-03-31 21:52:00,221.65,221.65,221.5,221.5,309,221.04661915609367,221.7,221.35
2025-03-31 21:53:00,221.695,221.695,221.51,221.64,54,221.0466195785618,221.7,221.35
2025-03-31 21:54:00,221.695,221.695,221.5,221.51,12,221.04661965187557,221.7,221.35
2025-03-31 21:55:00,221.5,221.7,221.5,221.59,84,221.04662025367162,221.7,221.35
2025-03-31 21:56:00,221.68,221.7,221.59,221.64,130,221.0466212707196,221.7,221.35
2025-03-31 21:57:00,221.55,221.695,221.5,221.695,130,221.04662238203352,221.7,221.35
2025-03-31 21:58:00,221.5001,221.51,221.5,221.51,301,221.04662422096038,221.7,221.35
2025-03-31 21:59:00,221.5,221.695,221.5,221.51,54,221.046624550866,221.7,221.35
2025-03-31 22:00:00,221.51,221.51,221.51,221.51,6,221.04662458752216,221.7,221.35
2025-03-31 22:01:00,221.53,221.57,221.5,221.57,14,221.0466246841281,221.7,221.35
2025-03-31 22:02:00,221.57,221.63,221.5,221.54,25,221.04662484675026,221.7,221.5
2025-03-31 22:03:00,221.5038,221.56,221.5,221.56,117,221.04662563867223,221.7,221.5
2025-03-31 22:04:00,221.5,221.7,221.5,221.5,26,221.04662579408682,221.7,221.5
2025-03-31 22:05:00,221.5,221.51,221.5,221.5,173,221.04662682818898,221.7,221.5
2025-03-31 22:06:00,221.5,221.5,221.25,221.2905,663,221.04662895992925,221.7,221.25
2025-03-31 22:07:00,221.48,221.6342,221.29,221.55,265,221.04663071861935,221.7,221.25
2025-03-31 22:08:00,221.55,221.64,221.55,221.55,452,221.04663371831901,221.7,221.25
2025-03-31 22:09:00,221.55,221.58,221.55,221.55,1414,221.04664310210438,221.7,221.25
2025-03-31 22:10:00,221.65,221.65,221.43,221.43,131,221.04664376419643,221.7,221.25
2025-03-31 22:11:00,221.4999,221.4999,221.05,221.25,1114,221.04664675081727,221.7,221.05
2025-03-31 22:12:00,221.35,221.35,220.84,221.1,1311,221.04664767295006,221.7,220.84
2025-03-31 22:13:00,221.11,221.25,220.87,221.15,1479,221.04664968811161,221.7,220.84
2025-03-31 22:14:00,221.15,221.15,221.0,221.0,154,221.0466495934029,221.7,220.84
2025-03-31 22:15:00,220.99,220.99,220.5,220.5,1341,221.04663992954175,221.7,220.5
2025-03-31 22:16:00,220.83,220.83,220.5,220.75,246,221.0466389675393,221.7,220.5
2025-03-31 22:17:00,220.9499,221.49,220.7501,220.7685,545,221.0466369692117,221.7,220.5
2025-03-31 22:18:00,221.29,221.35,220.8824,220.8824,165,221.04663661196992,221.7,220.5
2025-03-31 22:19:00,221.1,221.19,221.08,221.1,141,221.0466367111602,221.7,220.5
2025-03-31 22:20:00,,,,,0,,,
2025-03-31 22:21:00,221.1,221.19,221.0,221.19,938,221.04663848388785,,
2025-03-31 22:22:00,221.0401,221.19,221.04,221.04,285,221.04663845894686,,
2025-03-31 22:23:00,221.01,221.1,221.0,221.0,2273,221.0466370615164,,
2025-03-31 22:24:00,221.1,221.195,221.0,221.195,214,221.04663748004444,,
2025-03-31 22:25:00,221.18,221.19,221.0,221.0,18,221.04663746897836,,
2025-03-31 22:26:00,221.0,221.03,221.0,221.03,1004,221.0466372487869,,
2025-03-31 22:27:00,221.1,221.12,221.1,221.12,15,221.04663726329287,,
2025-03-31 22:28:00,221.19,221.2,221.03,221.2,535,221.0466383448513,,
2025-03-31 22:29:00,221.19,221.2,221.19,221.1988,106,221.0466385574628,,
2025-03-31 22:30:00,221.18,221.19,221.03,221.19,122,221.04663878801395,,
2025-03-31 22:31:00,221.0,221.2,221.0,221.2,93,221.04663897602052,,
2025-03-31 22:32:00,221.1991,221.1991,221.0,221.0,120,221.0466389022464,,
2025-03-31 22:33:00,222.13,222.13,222.13,222.13,106,221.04664041599,,
2025-03-31 22:34:00,222.13,222.13,221.0,221.0,365,221.04664019158818,,
2025-03-31 22:35:00,221.2,221.29,221.0012,221.2,880,221.04664197052418,,
2025-03-31 22:36:00,221.35,221.35,221.2,221.2025,419,221.04664283133337,,
2025-03-31 22:37:00,221.3,221.3,221.2,221.2,32,221.04664289602044,,
2025-03-31 22:38:00,221.2001,221.26,221.2001,221.26,12,221.04664292976875,,
2025-03-31 22:39:00,221.2001,221.3,221.2001,221.3,12,221.04664296984413,,
2025-03-31 22:40:00,221.25,221.26,221.21,221.26,752,221.04664508471507,222.13,221.0
2025-03-31 22:41:00,221.25,221.3,221.21,221.21,32,221.04664515361853,222.13,221.0
2025-03-31 22:42:00,221.29,221.29,221.2009,221.29,43,221.0466452915512,222.13,221.0
2025-03-31 22:43:00,221.28,221.28,221.28,221.28,152,221.04664575909027,222.13,221.0
2025-03-31 22:44:00,221.2,221.2987,221.2,221.2987,21,221.04664582886062,222.13,221.0
2025-03-31 22:45:00,221.25,221.31,221.25,221.31,451,221.04664739442816,222.13,221.0
2025-03-31 22:46:00,221.3499,221.3499,221.33,221.33,31,221.04664751021087,222.13,221.0
2025-03-31 22:47:00,221.25,221.28,221.25,221.2515,16,221.0466475534141,222.13,221.0
2025-03-31 22:48:00,221.2513,221.35,221.25,221.32,80,221.04664784166275,222.13,221.0
2025-03-31 22:49:00,221.31,221.49,221.2634,221.48,2149,221.04666011660393,222.13,221.0
2025-03-31 22:50:00,221.46,221.49,221.32,221.35,181,221.04666084028815,222.13,221.0
2025-03-31 22:51:00,221.47,221.48,221.34,221.43,71,221.04666119903007,222.13,221.0
2025-03-31 22:52:00,221.28,221.45,221.28,221.44,307,221.046662790667,222.13,221.0
2025-03-31 22:53:00,221.2512,221.2512,221.2512,221.2512,1,221.04666279336294,222.13,221.0
2025-03-31 22:54:00,221.33,221.3962,221.33,221.35,9,221.04666282934673,221.49,221.0012
2025-03-31 22:55:00,221.35,221.35,221.25,221.35,22,221.0466629173071,221.49,221.2
2025-03-31 22:56:00,221.39,221.4,221.25,221.39,1248,221.04666856494455,221.49,221.2
2025-03-31 22:57:00,221.4,221.4,221.4,221.4,1,221.04666856960162,221.49,221.2
2025-03-31 22:58:00,221.4,221.45,221.33,221.45,1003,221.04667390158474,221.49,221.2
2025-03-31 22:59:00,221.45,221.45,221.2836,221.4488,204,221.0466749828121,221.49,221.2
2025-03-31 23:00:00,221.25,221.36,221.25,221.36,27,221.04667509431428,221.49,221.2
2025-03-31 23:01:00,,,,,0,,,
2025-03-31 23:02:00,221.43,221.43,221.33,221.33,205,221.04667585984367,,
2025-03-31 23:03:00,221.2545,221.43,221.25,221.4291,1339,221.04668260887559,,
2025-03-31 23:04:00,221.33,221.33,221.33,221.33,40,221.0466827582405,,
2025-03-31 23:05:00,221.4,221.4,221.25,221.33,686,221.04668531982432,,
2025-03-31 23:06:00,221.37,221.41,221.25,221.2537,326,221.04668620928823,,
2025-03-31 23:07:00,221.3,221.3,221.3,221.3,50,221.04668637621967,,
2025-03-31 23:08:00,221.4,221.7,221.3,221.55,3162,221.04670735072614,,
2025-03-31 23:09:00,221.3,221.7,221.3,221.7,340,221.04671027808484,,
2025-03-31 23:10:00,221.64,221.7,221.45,221.69,556,221.04671499184494,,
2025-03-31 23:11:00,221.46,221.61,221.46,221.61,125,221.04671591979275,,
2025-03-31 23:12:00,221.61,221.61,221.37,221.37,46,221.04671611577976,,
2025-03-31 23:13:00,221.6,221.6,221.6,221.6,9,221.04671618140569,,
2025-03-31 23:14:00,221.5942,221.5942,221.4,221.4,3,221.04671619537356,,
2025-03-31 23:15:00,221.4,221.5988,221.4,221.4,38,221.04671637229978,,
2025-03-31 23:16:00,221.48,221.58,221.37,221.55,109,221.0467170952751,,
2025-03-31 23:17:00,221.57,221.58,221.37,221.45,47,221.04671734507463,,
2025-03-31 23:18:00,221.3755,221.58,221.3755,221.51,22,221.04671747939827,,
2025-03-31 23:19:00,221.5,221.56,221.2585,221.2585,5,221.04671749335373,,
2025-03-31 23:20:00,221.58,221.59,221.25,221.55,76,221.0467179974445,,
2025-03-31 23:21:00,221.5,221.5,221.4,221.5,183,221.04671909065007,221.7,221.25
2025-03-31 23:22:00,221.5,221.5,221.45,221.45,52,221.04671936702138,221.7,221.25
2025-03-31 23:23:00,221.5,221.5,221.5,221.5,154,221.04672028698147,221.7,221.25
2025-03-31 23:24:00,221.49,221.58,221.25,221.58,37,221.04672054701996,221.7,221.25
2025-03-31 23:25:00,221.41,221.41,221.4,221.4,46,221.04672076118908,221.7,221.25
2025-03-31 23:26:00,221.29,221.45,221.2562,221.4,34,221.04672091948783,221.7,221.25
2025-03-31 23:27:00,221.41,221.4988,221.01,221.17,2071,221.0467242841236,221.7,221.01
2025-03-31 23:28:00,221.25,221.25,221.25,221.25,10,221.04672431091245,221.7,221.01
2025-03-31 23:29:00,221.35,221.4115,221.35,221.36,14,221.04672436871184,221.7,221.01
2025-03-31 23:30:00,221.25,221.35,221.25,221.35,48,221.04672456055525,221.61,221.01
2025-03-31 23:31:00,,,,,0,,,
2025-03-31 23:32:00,221.3,221.35,221.0878,221.2667,86,221.0467248098656,,
2025-03-31 23:33:00,221.21,221.3,221.08,221.08,1895,221.04672564083796,,
2025-03-31 23:34:00,221.16,221.4797,221.1,221.1,55,221.04672567945133,,
2025-03-31 23:35:00,221.12,221.16,221.08,221.16,21,221.04672571079914,,
2025-03-31 23:36:00,221.08,221.4888,221.08,221.4888,102,221.04672630502455,,
2025-03-31 23:37:00,221.49,221.49,221.12,221.16,39,221.04672636324148,,
2025-03-31 23:38:00,221.24,221.25,221.11,221.25,85,221.0467265909373,,
2025-03-31 23:39:00,221.11,221.18,221.11,221.18,15,221.0467266172818,,
2025-03-31 23:40:00,221.16,221.35,221.11,221.16,42,221.04672667997664,,
2025-03-31 23:41:00,221.2333,221.29,221.11,221.16,104,221.04672683522077,,
2025-03-31 23:42:00,221.27,221.27,221.135,221.16,64,221.0467269307554,,
2025-03-31 23:43:00,221.2731,221.29,221.11,221.16,111,221.04672709644788,,
2025-03-31 23:44:00,221.2,221.2,221.2,221.2,8,221.04672711260665,,
2025-03-31 23:45:00,221.16,221.2,221.11,221.14,395,221.04672759812246,,
2025-03-31 23:46:00,221.19,221.19,221.18,221.19,61,221.0467277132934,,
2025-03-31 23:47:00,221.19,221.2,221.14,221.14,1372,221.04672939964993,,
2025-03-31 23:48:00,221.14,221.18,221.11,221.18,703,221.04673063425577,,
2025-03-31 23:49:00,221.1101,221.18,221.08,221.18,2452,221.04673494026946,,
2025-03-31 23:50:00,221.08,221.29,221.08,221.09,211,221.04673506056324,,
2025-03-31 23:51:00,221.08,221.13,221.08,221.1,31,221.04673508232162,221.49,221.08
2025-03-31 23:52:00,221.13,221.13,221.08,221.09,129,221.04673515586578,221.49,221.08
2025-03-31 23:53:00,221.13,221.29,221.13,221.1303,87,221.0467352516656,221.49,221.08
2025-03-31 23:54:00,221.2,221.2,221.13,221.14,326,221.04673565230647,221.49,221.08
2025-03-31 23:55:00,221.1301,221.1301,221.08,221.08,1573,221.046736341782,221.49,221.08
2025-03-31 23:56:00,221.13,221.25,221.08,221.25,146,221.04673673282352,221.49,221.08
2025-03-31 23:57:00,221.1037,221.19,221.1001,221.19,816,221.04673827321332,221.35,221.08
2025-03-31 23:58:00,221.19,221.25,221.15,221.19,48,221.04673836382347,221.35,221.08
2025-03-31 23:59:00,221.25,221.25,221.15,221.1999,551,221.04673947582089,221.35,221.08
2025-04-01 00:00:00,,,,,0,,,
2025-04-01 00:01:00,,,,,0,,,
2025-04-01 00:02:00,,,,,0,,,
2025-04-01 00:03:00,,,,,0,,,
2025-04-01 00:04:00,,,,,0,,,
2025-04-01 00:05:00,,,,,0,,,
2025-04-01 00:06:00,,,,,0,,,
2025-04-01 00:07:00,,,,,0,,,
2025-04-01 00:08:00,,,,,0,,,
2025-04-01 00:09:00,,,,,0,,,
2025-04-01 00:10:00,,,,,0,,,
2025-04-01 00:11:00,,,,,0,,,
2025-04-01 00:12:00,,,,,0,,,
2025-04-01 00:13:00,,,,,0,,,
2025-04-01 00:14:00,,,,,0,,,
2025-04-01 00:15:00,,,,,0,,,
2025-04-01 00:16:00,,,,,0,,,
2025-04-01 00:17:00,,,,,0,,,
2025-04-01 00:18:00,,,,,0,,,
2025-04-01 00:19:00,,,,,0,,,
2025-04-01 00:20:00,,,,,0,,,
2025-04-01 00:21:00,,,,,0,,,
2025-04-01 00:22:00,,,,,0,,,
2025-04-01 00:23:00,,,,,0,,,
2025-04-01 00:24:00,,,,,0,,,
2025-04-01 00:25:00,,,,,0,,,
2025-04-01 00:26:00,,,,,0,,,
2025-04-01 00:27:00,,,,,0,,,
2025-04-01 00:28:00,,,,,0,,,
2025-04-01 00:29:00,,,,,0,,,
2025-04-01 00:30:00,,,,,0,,,
2025-04-01 00:31:00,,,,,0,,,
2025-04-01 00:32:00,,,,,0,,,
2025-04-01 00:33:00,,,,,0,,,
2025-04-01 00:34:00,,,,,0,,,
2025-04-01 00:35:00,,,,,0,,,
2025-04-01 00:36:00,,,,,0,,,
2025-04-01 00:37:00,,,,,0,,,
2025-04-01 00:38:00,,,,,0,,,
2025-04-01 00:39:00,,,,,0,,,
2025-04-01 00:40:00,,,,,0,,,
2025-04-01 00:41:00,,,,,0,,,
2025-04-01 00:42:00,,,,,0,,,
2025-04-01 00:43:00,,,,,0,,,
2025-04-01 00:44:00,,,,,0,,,
2025-04-01 00:45:00,,,,,0,,,
2025-04-01 00:46:00,,,,,0,,,
2025-04-01 00:47:00,,,,,0,,,
2025-04-01 00:48:00,,,,,0,,,
2025-04-01 00:49:00,,,,,0,,,
2025-04-01 00:50:00,,,,,0,,,
2025-04-01 00:51:00,,,,,0,,,
2025-04-01 00:52:00,,,,,0,,,
2025-04-01 00:53:00,,,,,0,,,
2025-04-01 00:54:00,,,,,0,,,
2025-04-01 00:55:00,,,,,0,,,
2025-04-01 00:56:00,,,,,0,,,
2025-04-01 00:57:00,,,,,0,,,
2025-04-01 00:58:00,,,,,0,,,
2025-04-01 00:59:00,,,,,0,,,
2025-04-01 01:00:00,,,,,0,,,
2025-04-01 01:01:00,,,,,0,,,
2025-04-01 01:02:00,,,,,0,,,
2025-04-01 01:03:00,,,,,0,,,
2025-04-01 01:04:00,,,,,0,,,
2025-04-01 01:05:00,,,,,0,,,
2025-04-01 01:06:00,,,,,0,,,
2025-04-01 01:07:00,,,,,0,,,
2025-04-01 01:08:00,,,,,0,,,
2025-04-01 01:09:00,,,,,0,,,
2025-04-01 01:10:00,,,,,0,,,
2025-04-01 01:11:00,,,,,0,,,
2025-04-01 01:12:00,,,,,0,,,
2025-04-01 01:13:00,,,,,0,,,
2025-04-01 01:14:00,,,,,0,,,
2025-04-01 01:15:00,,,,,0,,,
2025-04-01 01:16:00,,,,,0,,,
2025-04-01 01:17:00,,,,,0,,,
2025-04-01 01:18:00,,,,,0,,,
2025-04-01 01:19:00,,,,,0,,,
2025-04-01 01:20:00,,,,,0,,,
2025-04-01 01:21:00,,,,,0,,,
2025-04-01 01:22:00,,,,,0,,,
2025-04-01 01:23:00,,,,,0,,,
2025-04-01 01:24:00,,,,,0,,,
2025-04-01 01:25:00,,,,,0,,,
2025-04-01 01:26:00,,,,,0,,,
2025-04-01 01:27:00,,,,,0,,,
2025-04-01 01:28:00,,,,,0,,,
2025-04-01 01:29:00,,,,,0,,,
2025-04-01 01:30:00,,,,,0,,,
2025-04-01 01:31:00,,,,,0,,,
2025-04-01 01:32:00,,,,,0,,,
2025-04-01 01:33:00,,,,,0,,,
2025-04-01 01:34:00,,,,,0,,,
2025-04-01 01:35:00,,,,,0,,,
2025-04-01 01:36:00,,,,,0,,,
2025-04-01 01:37:00,,,,,0,,,
2025-04-01 01:38:00,,,,,0,,,
2025-04-01 01:39:00,,,,,0,,,
2025-04-01 01:40:00,,,,,0,,,
2025-04-01 01:41:00,,,,,0,,,
2025-04-01 01:42:00,,,,,0,,,
2025-04-01 01:43:00,,,,,0,,,
2025-04-01 01:44:00,,,,,0,,,
2025-04-01 01:45:00,,,,,0,,,
2025-04-01 01:46:00,,,,,0,,,
2025-04-01 01:47:00,,,,,0,,,
2025-04-01 01:48:00,,,,,0,,,
2025-04-01 01:49:00,,,,,0,,,
2025-04-01 01:50:00,,,,,0,,,
2025-04-01 01:51:00,,,,,0,,,
2025-04-01 01:52:00,,,,,0,,,
2025-04-01 01:53:00,,,,,0,,,
2025-04-01 01:54:00,,,,,0,,,
2025-04-01 01:55:00,,,,,0,,,
2025-04-01 01:56:00,,,,,0,,,
2025-04-01 01:57:00,,,,,0,,,
2025-04-01 01:58:00,,,,,0,,,
2025-04-01 01:59:00,,,,,0,,,
2025-04-01 02:00:00,,,,,0,,,
2025-04-01 02:01:00,,,,,0,,,
2025-04-01 02:02:00,,,,,0,,,
2025-04-01 02:03:00,,,,,0,,,
2025-04-01 02:04:00,,,,,0,,,
2025-04-01 02:05:00,,,,,0,,,
2025-04-01 02:06:00,,,,,0,,,
2025-04-01 02:07:00,,,,,0,,,
2025-04-01 02:08:00,,,,,0,,,
2025-04-01 02:09:00,,,,,0,,,
2025-04-01 02:10:00,,,,,0,,,
2025-04-01 02:11:00,,,,,0,,,
2025-04-01 02:12:00,,,,,0,,,
2025-04-01 02:13:00,,,,,0,,,
2025-04-01 02:14:00,,,,,0,,,
2025-04-01 02:15:00,,,,,0,,,
2025-04-01 02:16:00,,,,,0,,,
2025-04-01 02:17:00,,,,,0,,,
2025-04-01 02:18:00,,,,,0,,,
2025-04-01 02:19:00,,,,,0,,,
2025-04-01 02:20:00,,,,,0,,,
2025-04-01 02:21:00,,,,,0,,,
2025-04-01 02:22:00,,,,,0,,,
2025-04-01 02:23:00,,,,,0,,,
2025-04-01 02:24:00,,,,,0,,,
2025-04-01 02:25:00,,,,,0,,,
2025-04-01 02:26:00,,,,,0,,,
2025-04-01 02:27:00,,,,,0,,,
2025-04-01 02:28:00,,,,,0,,,
2025-04-01 02:29:00,,,,,0,,,
2025-04-01 02:30:00,,,,,0,,,
2025-04-01 02:31:00,,,,,0,,,
2025-04-01 02:32:00,,,,,0,,,
2025-04-01 02:33:00,,,,,0,,,
2025-04-01 02:34:00,,,,,0,,,
2025-04-01 02:35:00,,,,,0,,,
2025-04-01 02:36:00,,,,,0,,,
2025-04-01 02:37:00,,,,,0,,,
2025-04-01 02:38:00,,,,,0,,,
2025-04-01 02:39:00,,,,,0,,,
2025-04-01 02:40:00,,,,,0,,,
2025-04-01 02:41:00,,,,,0,,,
2025-04-01 02:42:00,,,,,0,,,
2025-04-01 02:43:00,,,,,0,,,
2025-04-01 02:44:00,,,,,0,,,
2025-04-01 02:45:00,,,,,0,,,
2025-04-01 02:46:00,,,,,0,,,
2025-04-01 02:47:00,,,,,0,,,
2025-04-01 02:48:00,,,,,0,,,
2025-04-01 02:49:00,,,,,0,,,
2025-04-01 02:50:00,,,,,0,,,
2025-04-01 02:51:00,,,,,0,,,
2025-04-01 02:52:00,,,,,0,,,
2025-04-01 02:53:00,,,,,0,,,
2025-04-01 02:54:00,,,,,0,,,
2025-04-01 02:55:00,,,,,0,,,
2025-04-01 02:56:00,,,,,0,,,
2025-04-01 02:57:00,,,,,0,,,
2025-04-01 02:58:00,,,,,0,,,
2025-04-01 02:59:00,,,,,0,,,
2025-04-01 03:00:00,,,,,0,,,
2025-04-01 03:01:00,,,,,0,,,
2025-04-01 03:02:00,,,,,0,,,
2025-04-01 03:03:00,,,,,0,,,
2025-04-01 03:04:00,,,,,0,,,
2025-04-01 03:05:00,,,,,0,,,
2025-04-01 03:06:00,,,,,0,,,
2025-04-01 03:07:00,,,,,0,,,
2025-04-01 03:08:00,,,,,0,,,
2025-04-01 03:09:00,,,,,0,,,
2025-04-01 03:10:00,,,,,0,,,
2025-04-01 03:11:00,,,,,0,,,
2025-04-01 03:12:00,,,,,0,,,
2025-04-01 03:13:00,,,,,0,,,
2025-04-01 03:14:00,,,,,0,,,
2025-04-01 03:15:00,,,,,0,,,
2025-04-01 03:16:00,,,,,0,,,
2025-04-01 03:17:00,,,,,0,,,
2025-04-01 03:18:00,,,,,0,,,
2025-04-01 03:19:00,,,,,0,,,
2025-04-01 03:20:00,,,,,0,,,
2025-04-01 03:21:00,,,,,0,,,
2025-04-01 03:22:00,,,,,0,,,
2025-04-01 03:23:00,,,,,0,,,
2025-04-01 03:24:00,,,,,0,,,
2025-04-01 03:25:00,,,,,0,,,
2025-04-01 03:26:00,,,,,0,,,
2025-04-01 03:27:00,,,,,0,,,
2025-04-01 03:28:00,,,,,0,,,
2025-04-01 03:29:00,,,,,0,,,
2025-04-01 03:30:00,,,,,0,,,
2025-04-01 03:31:00,,,,,0,,,
2025-04-01 03:32:00,,,,,0,,,
2025-04-01 03:33:00,,,,,0,,,
2025-04-01 03:34:00,,,,,0,,,
2025-04-01 03:35:00,,,,,0,,,
2025-04-01 03:36:00,,,,,0,,,
2025-04-01 03:37:00,,,,,0,,,
2025-04-01 03:38:00,,,,,0,,,
2025-04-01 03:39:00,,,,,0,,,
2025-04-01 03:40:00,,,,,0,,,
2025-04-01 03:41:00,,,,,0,,,
2025-04-01 03:42:00,,,,,0,,,
2025-04-01 03:43:00,,,,,0,,,
2025-04-01 03:44:00,,,,,0,,,
2025-04-01 03:45:00,,,,,0,,,
2025-04-01 03:46:00,,,,,0,,,
2025-04-01 03:47:00,,,,,0,,,
2025-04-01 03:48:00,,,,,0,,,
2025-04-01 03:49:00,,,,,0,,,
2025-04-01 03:50:00,,,,,0,,,
2025-04-01 03:51:00,,,,,0,,,
2025-04-01 03:52:00,,,,,0,,,
2025-04-01 03:53:00,,,,,0,,,
2025-04-01 03:54:00,,,,,0,,,
2025-04-01 03:55:00,,,,,0,,,
2025-04-01 03:56:00,,,,,0,,,
2025-04-01 03:57:00,,,,,0,,,
2025-04-01 03:58:00,,,,,0,,,
2025-04-01 03:59:00,,,,,0,,,
2025-04-01 04:00:00,,,,,0,,,
2025-04-01 04:01:00,,,,,0,,,
2025-04-01 04:02:00,,,,,0,,,
2025-04-01 04:03:00,,,,,0,,,
2025-04-01 04:04:00,,,,,0,,,
2025-04-01 04:05:00,,,,,0,,,
2025-04-01 04:06:00,,,,,0,,,
2025-04-01 04:07:00,,,,,0,,,
2025-04-01 04:08:00,,,,,0,,,
2025-04-01 04:09:00,,,,,0,,,
2025-04-01 04:10:00,,,,,0,,,
2025-04-01 04:11:00,,,,,0,,,
2025-04-01 04:12:00,,,,,0,,,
2025-04-01 04:13:00,,,,,0,,,
2025-04-01 04:14:00,,,,,0,,,
2025-04-01 04:15:00,,,,,0,,,
2025-04-01 04:16:00,,,,,0,,,
2025-04-01 04:17:00,,,,,0,,,
2025-04-01 04:18:00,,,,,0,,,
2025-04-01 04:19:00,,,,,0,,,
2025-04-01 04:20:00,,,,,0,,,
2025-04-01 04:21:00,,,,,0,,,
2025-04-01 04:22:00,,,,,0,,,
2025-04-01 04:23:00,,,,,0,,,
2025-04-01 04:24:00,,,,,0,,,
2025-04-01 04:25:00,,,,,0,,,
2025-04-01 04:26:00,,,,,0,,,
2025-04-01 04:27:00,,,,,0,,,
2025-04-01 04:28:00,,,,,0,,,
2025-04-01 04:29:00,,,,,0,,,
2025-04-01 04:30:00,,,,,0,,,
2025-04-01 04:31:00,,,,,0,,,
2025-04-01 04:32:00,,,,,0,,,
2025-04-01 04:33:00,,,,,0,,,
2025-04-01 04:34:00,,,,,0,,,
2025-04-01 04:35:00,,,,,0,,,
2025-04-01 04:36:00,,,,,0,,,
2025-04-01 04:37:00,,,,,0,,,
2025-04-01 04:38:00,,,,,0,,,
2025-04-01 04:39:00,,,,,0,,,
2025-04-01 04:40:00,,,,,0,,,
2025-04-01 04:41:00,,,,,0,,,
2025-04-01 04:42:00,,,,,0,,,
2025-04-01 04:43:00,,,,,0,,,
2025-04-01 04:44:00,,,,,0,,,
2025-04-01 04:45:00,,,,,0,,,
2025-04-01 04:46:00,,,,,0,,,
2025-04-01 04:47:00,,,,,0,,,
2025-04-01 04:48:00,,,,,0,,,
2025-04-01 04:49:00,,,,,0,,,
2025-04-01 04:50:00,,,,,0,,,
2025-04-01 04:51:00,,,,,0,,,
2025-04-01 04:52:00,,,,,0,,,
2025-04-01 04:53:00,,,,,0,,,
2025-04-01 04:54:00,,,,,0,,,
2025-04-01 04:55:00,,,,,0,,,
2025-04-01 04:56:00,,,,,0,,,
2025-04-01 04:57:00,,,,,0,,,
2025-04-01 04:58:00,,,,,0,,,
2025-04-01 04:59:00,,,,,0,,,
2025-04-01 05:00:00,,,,,0,,,
2025-04-01 05:01:00,,,,,0,,,
2025-04-01 05:02:00,,,,,0,,,
2025-04-01 05:03:00,,,,,0,,,
2025-04-01 05:04:00,,,,,0,,,
2025-04-01 05:05:00,,,,,0,,,
2025-04-01 05:06:00,,,,,0,,,
2025-04-01 05:07:00,,,,,0,,,
2025-04-01 05:08:00,,,,,0,,,
2025-04-01 05:09:00,,,,,0,,,
2025-04-01 05:10:00,,,,,0,,,
2025-04-01 05:11:00,,,,,0,,,
2025-04-01 05:12:00,,,,,0,,,
2025-04-01 05:13:00,,,,,0,,,
2025-04-01 05:14:00,,,,,0,,,
2025-04-01 05:15:00,,,,,0,,,
2025-04-01 05:16:00,,,,,0,,,
2025-04-01 05:17:00,,,,,0,,,
2025-04-01 05:18:00,,,,,0,,,
2025-04-01 05:19:00,,,,,0,,,
2025-04-01 05:20:00,,,,,0,,,
2025-04-01 05:21:00,,,,,0,,,
2025-04-01 05:22:00,,,,,0,,,
2025-04-01 05:23:00,,,,,0,,,
2025-04-01 05:24:00,,,,,0,,,
2025-04-01 05:25:00,,,,,0,,,
2025-04-01 05:26:00,,,,,0,,,
2025-04-01 05:27:00,,,,,0,,,
2025-04-01 05:28:00,,,,,0,,,
2025-04-01 05:29:00,,,,,0,,,
2025-04-01 05:30:00,,,,,0,,,
2025-04-01 05:31:00,,,,,0,,,
2025-04-01 05:32:00,,,,,0,,,
2025-04-01 05:33:00,,,,,0,,,
2025-04-01 05:34:00,,,,,0,,,
2025-04-01 05:35:00,,,,,0,,,
2025-04-01 05:36:00,,,,,0,,,
2025-04-01 05:37:00,,,,,0,,,
2025-04-01 05:38:00,,,,,0,,,
2025-04-01 05:39:00,,,,,0,,,
2025-04-01 05:40:00,,,,,0,,,
2025-04-01 05:41:00,,,,,0,,,
2025-04-01 05:42:00,,,,,0,,,
2025-04-01 05:43:00,,,,,0,,,
2025-04-01 05:44:00,,,,,0,,,
2025-04-01 05:45:00,,,,,0,,,
2025-04-01 05:46:00,,,,,0,,,
2025-04-01 05:47:00,,,,,0,,,
2025-04-01 05:48:00,,,,,0,,,
2025-04-01 05:49:00,,,,,0,,,
2025-04-01 05:50:00,,,,,0,,,
2025-04-01 05:51:00,,,,,0,,,
2025-04-01 05:52:00,,,,,0,,,
2025-04-01 05:53:00,,,,,0,,,
2025-04-01 05:54:00,,,,,0,,,
2025-04-01 05:55:00,,,,,0,,,
2025-04-01 05:56:00,,,,,0,,,
2025-04-01 05:57:00,,,,,0,,,
2025-04-01 05:58:00,,,,,0,,,
2025-04-01 05:59:00,,,,,0,,,
2025-04-01 06:00:00,,,,,0,,,
2025-04-01 06:01:00,,,,,0,,,
2025-04-01 06:02:00,,,,,0,,,
2025-04-01 06:03:00,,,,,0,,,
2025-04-01 06:04:00,,,,,0,,,
2025-04-01 06:05:00,,,,,0,,,
2025-04-01 06:06:00,,,,,0,,,
2025-04-01 06:07:00,,,,,0,,,
2025-04-01 06:08:00,,,,,0,,,
2025-04-01 06:09:00,,,,,0,,,
2025-04-01 06:10:00,,,,,0,,,
2025-04-01 06:11:00,,,,,0,,,
2025-04-01 06:12:00,,,,,0,,,
2025-04-01 06:13:00,,,,,0,,,
2025-04-01 06:14:00,,,,,0,,,
2025-04-01 06:15:00,,,,,0,,,
2025-04-01 06:16:00,,,,,0,,,
2025-04-01 06:17:00,,,,,0,,,
2025-04-01 06:18:00,,,,,0,,,
2025-04-01 06:19:00,,,,,0,,,
2025-04-01 06:20:00,,,,,0,,,
2025-04-01 06:21:00,,,,,0,,,
2025-04-01 06:22:00,,,,,0,,,
2025-04-01 06:23:00,,,,,0,,,
2025-04-01 06:24:00,,,,,0,,,
2025-04-01 06:25:00,,,,,0,,,
2025-04-01 06:26:00,,,,,0,,,
2025-04-01 06:27:00,,,,,0,,,
2025-04-01 06:28:00,,,,,0,,,
2025-04-01 06:29:00,,,,,0,,,
2025-04-01 06:30:00,,,,,0,,,
2025-04-01 06:31:00,,,,,0,,,
2025-04-01 06:32:00,,,,,0,,,
2025-04-01 06:33:00,,,,,0,,,
2025-04-01 06:34:00,,,,,0,,,
2025-04-01 06:35:00,,,,,0,,,
2025-04-01 06:36:00,,,,,0,,,
2025-04-01 06:37:00,,,,,0,,,
2025-04-01 06:38:00,,,,,0,,,
2025-04-01 06:39:00,,,,,0,,,
2025-04-01 06:40:00,,,,,0,,,
2025-04-01 06:41:00,,,,,0,,,
2025-04-01 06:42:00,,,,,0,,,
2025-04-01 06:43:00,,,,,0,,,
2025-04-01 06:44:00,,,,,0,,,
2025-04-01 06:45:00,,,,,0,,,
2025-04-01 06:46:00,,,,,0,,,
2025-04-01 06:47:00,,,,,0,,,
2025-04-01 06:48:00,,,,,0,,,
2025-04-01 06:49:00,,,,,0,,,
2025-04-01 06:50:00,,,,,0,,,
2025-04-01 06:51:00,,,,,0,,,
2025-04-01 06:52:00,,,,,0,,,
2025-04-01 06:53:00,,,,,0,,,
2025-04-01 06:54:00,,,,,0,,,
2025-04-01 06:55:00,,,,,0,,,
2025-04-01 06:56:00,,,,,0,,,
2025-04-01 06:57:00,,,,,0,,,
2025-04-01 06:58:00,,,,,0,,,
2025-04-01 06:59:00,,,,,0,,,
2025-04-01 07:00:00,,,,,0,,,
2025-04-01 07:01:00,,,,,0,,,
2025-04-01 07:02:00,,,,,0,,,
2025-04-01 07:03:00,,,,,0,,,
2025-04-01 07:04:00,,,,,0,,,
2025-04-01 07:05:00,,,,,0,,,
2025-04-01 07:06:00,,,,,0,,,
2025-04-01 07:07:00,,,,,0,,,
2025-04-01 07:08:00,,,,,0,,,
2025-04-01 07:09:00,,,,,0,,,
2025-04-01 07:10:00,,,,,0,,,
2025-04-01 07:11:00,,,,,0,,,
2025-04-01 07:12:00,,,,,0,,,
2025-04-01 07:13:00,,,,,0,,,
2025-04-01 07:14:00,,,,,0,,,
2025-04-01 07:15:00,,,,,0,,,
2025-04-01 07:16:00,,,,,0,,,
2025-04-01 07:17:00,,,,,0,,,
2025-04-01 07:18:00,,,,,0,,,
2025-04-01 07:19:00,,,,,0,,,
2025-04-01 07:20:00,,,,,0,,,
2025-04-01 07:21:00,,,,,0,,,
2025-04-01 07:22:00,,,,,0,,,
2025-04-01 07:23:00,,,,,0,,,
2025-04-01 07:24:00,,,,,0,,,
2025-04-01 07:25:00,,,,,0,,,
2025-04-01 07:26:00,,,,,0,,,
2025-04-01 07:27:00,,,,,0,,,
2025-04-01 07:28:00,,,,,0,,,
2025-04-01 07:29:00,,,,,0,,,
2025-04-01 07:30:00,,,,,0,,,
2025-04-01 07:31:00,,,,,0,,,
2025-04-01 07:32:00,,,,,0,,,
2025-04-01 07:33:00,,,,,0,,,
2025-04-01 07:34:00,,,,,0,,,
2025-04-01 07:35:00,,,,,0,,,
2025-04-01 07:36:00,,,,,0,,,
2025-04-01 07:37:00,,,,,0,,,
2025-04-01 07:38:00,,,,,0,,,
2025-04-01 07:39:00,,,,,0,,,
2025-04-01 07:40:00,,,,,0,,,
2025-04-01 07:41:00,,,,,0,,,
2025-04-01 07:42:00,,,,,0,,,
2025-04-01 07:43:00,,,,,0,,,
2025-04-01 07:44:00,,,,,0,,,
2025-04-01 07:45:00,,,,,0,,,
2025-04-01 07:46:00,,,,,0,,,
2025-04-01 07:47:00,,,,,0,,,
2025-04-01 07:48:00,,,,,0,,,
2025-04-01 07:49:00,,,,,0,,,
2025-04-01 07:50:00,,,,,0,,,
2025-04-01 07:51:00,,,,,0,,,
2025-04-01 07:52:00,,,,,0,,,
2025-04-01 07:53:00,,,,,0,,,
2025-04-01 07:54:00,,,,,0,,,
2025-04-01 07:55:00,,,,,0,,,
2025-04-01 07:56:00,,,,,0,,,
2025-04-01 07:57:00,,,,,0,,,
2025-04-01 07:58:00,,,,,0,,,
2025-04-01 07:59:00,,,,,0,,,
2025-04-01 08:00:00,221.21,222.0,221.21,221.28,1694,221.04674468233614,,
2025-04-01 08:01:00,221.28,221.47,221.2,221.2,614,221.04674592219686,,
2025-04-01 08:02:00,221.32,221.35,221.2,221.2,1156,221.04674825647305,,
2025-04-01 08:03:00,221.22,221.27,221.01,221.13,836,221.04674917348967,,
2025-04-01 08:04:00,221.01,221.16,221.0,221.1,197,221.04674931170908,,
2025-04-01 08:05:00,221.0,221.0,220.91,220.91,348,221.04674868469274,,
2025-04-01 08:06:00,221.09,221.09,220.93,220.93,101,221.04674852932988,,
2025-04-01 08:07:00,221.08,221.14,221.07,221.07,754,221.0467487603189,,
2025-04-01 08:08:00,221.04,221.12,221.03,221.12,1463,221.04675017227277,,
2025-04-01 08:09:00,221.03,221.12,220.99,220.99,2714,221.04674814308285,,
2025-04-01 08:10:00,220.91,220.92,220.8,220.92,1144,221.04674623276006,,
2025-04-01 08:11:00,220.94,220.94,220.78,220.94,368,221.04674571522784,,
2025-04-01 08:12:00,220.94,220.97,220.67,220.67,392,221.0467437695579,,
2025-04-01 08:13:00,220.68,220.74,220.67,220.74,289,221.04674260165507,,
2025-04-01 08:14:00,220.73,220.74,220.68,220.74,712,221.04673972436836,,
2025-04-01 08:15:00,220.7,220.74,220.69,220.7,623,221.04673687848478,,
2025-04-01 08:16:00,220.7,220.77,220.68,220.68,2070,221.04672687759663,,
2025-04-01 08:17:00,220.67,220.69,220.55,220.56,754,221.0467220429359,,
2025-04-01 08:18:00,220.55,220.56,220.44,220.45,2885,221.0466993646242,,
2025-04-01 08:19:00,220.38,220.63,220.38,220.63,1872,221.0466890889389,222.0,220.38
2025-04-01 08:20:00,220.54,220.61,220.54,220.61,140,221.04668828359442,221.47,220.38
2025-04-01 08:21:00,220.67,220.9,220.67,220.9,586,221.04668715126968,221.35,220.38
2025-04-01 08:22:00,220.91,220.97,220.79,220.79,177,221.0466865527832,221.27,220.38
2025-04-01 08:23:00,,,,,0,,,
2025-04-01 08:24:00,220.81,220.88,220.8,220.88,1421,221.0466834327195,,
2025-04-01 08:25:00,220.91,220.96,220.91,220.96,116,221.04668330026635,,
2025-04-01 08:26:00,220.94,221.3,220.9,221.19,7422,221.04669731043765,,
2025-04-01 08:27:00,221.08,221.19,221.08,221.19,29,221.04669736517425,,
2025-04-01 08:28:00,221.18,221.24,221.09,221.21,344,221.04669810507795,,
2025-04-01 08:29:00,221.2,221.39,221.2,221.3,1250,221.04670227535456,,
2025-04-01 08:30:00,221.31,221.31,221.08,221.13,476,221.0467027975749,,
2025-04-01 08:31:00,221.05,221.12,221.05,221.08,225,221.0467028962489,,
2025-04-01 08:32:00,221.12,221.13,221.08,221.11,132,221.04670300629365,,
2025-04-01 08:33:00,221.1,221.18,221.1,221.1,49,221.04670304068983,,
2025-04-01 08:34:00,221.18,221.25,221.18,221.23,416,221.04670404497622,,
2025-04-01 08:35:00,221.17,221.26,221.09,221.11,379,221.04670436092889,,
2025-04-01 08:36:00,221.16,221.16,221.04,221.07,366,221.04670447322388,,
2025-04-01 08:37:00,221.06,221.1,221.04,221.06,52,221.0467044823296,,
2025-04-01 08:38:00,221.08,221.08,221.08,221.08,138,221.04670454284536,,
2025-04-01 08:39:00,221.08,221.15,221.08,221.09,66,221.04670458048017,,
2025-04-01 08:40:00,221.16,221.16,221.16,221.16,20,221.0467046103234,,
2025-04-01 08:41:00,221.17,221.19,221.11,221.14,1041,221.046705889434,,
2025-04-01 08:42:00,221.13,221.38,221.12,221.25,813,221.04670806618066,,
2025-04-01 08:43:00,221.38,221.94,221.3,221.76,3327,221.0467393193185,221.94,220.8
2025-04-01 08:44:00,221.56,221.71,221.56,221.62,221,221.0467409877819,221.94,220.9
2025-04-01 08:45:00,221.58,221.59,221.4,221.4,984,221.04674556556247,221.94,220.9
2025-04-01 08:46:00,221.42,221.43,221.27,221.36,237,221.04674654327422,221.94,221.04
2025-04-01 08:47:00,221.27,221.27,221.17,221.18,131,221.04674677316115,221.94,221.04
2025-04-01 08:48:00,221.33,221.34,221.25,221.25,530,221.04674819180966,221.94,221.04
2025-04-01 08:49:00,221.36,221.36,221.2,221.24,177,221.04674864227079,221.94,221.04
2025-04-01 08:50:00,221.41,221.41,221.22,221.22,18,221.04674868333933,221.94,221.04
2025-04-01 08:51:00,221.24,221.24,221.19,221.22,46,221.04674878829223,221.94,221.04
2025-04-01 08:52:00,221.32,221.65,221.32,221.43,4526,221.04677163019662,221.94,221.04
2025-04-01 08:53:00,221.58,221.62,221.38,221.38,170,221.0467723761714,221.94,221.04
2025-04-01 08:54:00,221.5,221.5,221.34,221.36,73,221.04677267727484,221.94,221.04
2025-04-01 08:55:00,221.47,221.47,221.31,221.31,250,221.0467735438423,221.94,221.04
2025-04-01 08:56:00,221.33,221.36,221.28,221.36,227,221.04677448014095,221.94,221.04
2025-04-01 08:57:00,221.37,221.37,221.36,221.36,110,221.04677493385196,221.94,221.08
2025-04-01 08:58:00,221.36,221.47,221.32,221.46,2309,221.04678749782113,221.94,221.08
2025-04-01 08:59:00,221.34,221.44,221.11,221.21,881,221.04678939121322,221.94,221.11
2025-04-01 09:00:00,221.41,221.41,221.21,221.21,300,221.04679003594512,221.94,221.11
2025-04-01 09:01:00,221.22,221.26,221.17,221.26,563,221.0467916165459,221.94,221.11
2025-04-01 09:02:00,221.21,221.44,221.21,221.44,814,221.04679583107264,221.94,221.11
2025-04-01 09:03:00,221.25,221.25,221.1,221.1,539,221.04679620867353,221.71,221.1
2025-04-01 09:04:00,221.1,221.27,221.06,221.06,438,221.04679628482333,221.65,221.06
2025-04-01 09:05:00,221.22,221.26,221.07,221.21,238,221.0467967962716,221.65,221.06
2025-04-01 09:06:00,221.27,221.27,221.11,221.11,7,221.04679680209708,221.65,221.06
2025-04-01 09:07:00,221.27,221.27,221.22,221.22,20,221.0467968477092,221.65,221.06
2025-04-01 09:08:00,221.24,221.27,221.14,221.21,390,221.04679768578916,221.65,221.06
2025-04-01 09:09:00,221.09,221.14,221.05,221.06,425,221.0467977596695,221.65,221.05
2025-04-01 09:10:00,221.06,221.08,221.06,221.08,5,221.04679776185537,221.65,221.05
2025-04-01 09:11:00,221.06,221.2,221.06,221.19,294,221.046798316207,221.65,221.05
2025-04-01 09:12:00,221.18,221.18,221.17,221.17,10,221.046798332429,221.62,221.05
2025-04-01 09:13:00,221.16,221.16,221.16,221.16,1,221.04679833391955,221.5,221.05
2025-04-01 09:14:00,221.15,221.15,221.08,221.14,18,221.04679835600896,221.47,221.05
2025-04-01 09:15:00,221.14,221.14,221.1,221.1,62,221.04679839944043,221.47,221.05
2025-04-01 09:16:00,221.14,221.14,221.09,221.09,46,221.04679842560688,221.47,221.05
2025-04-01 09:17:00,221.13,221.14,221.12,221.13,719,221.0467992132758,221.47,221.05
2025-04-01 09:18:00,221.14,221.16,221.11,221.12,839,221.0468000219176,221.44,221.05
2025-04-01 09:19:00,221.11,221.11,221.06,221.06,230,221.04680006189164,221.44,221.05
2025-04-01 09:20:00,221.06,221.09,221.06,221.06,9,221.04680006345586,221.44,221.05
2025-04-01 09:21:00,221.11,221.11,221.11,221.11,10,221.0468000717772,221.44,221.05
2025-04-01 09:22:00,221.06,221.1,221.06,221.1,23,221.04680008788796,221.27,221.05
2025-04-01 09:23:00,221.05,221.06,221.0,221.02,223,221.04680000919845,221.27,221.0
2025-04-01 09:24:00,221.06,221.11,221.06,221.11,200,221.04680017562458,221.27,221.0
2025-04-01 09:25:00,221.01,221.01,220.88,220.93,1263,221.04679823333433,221.27,220.88
2025-04-01 09:26:00,220.88,220.95,220.81,220.88,237,221.04679771285234,221.27,220.81
2025-04-01 09:27:00,220.87,220.87,220.8,220.8,102,221.046797381411,221.27,220.8
2025-04-01 09:28:00,220.86,220.86,220.8,220.8,28,221.0467972904273,221.2,220.8
2025-04-01 09:29:00,220.78,220.78,220.78,220.78,3,221.04679727988903,221.2,220.78
2025-04-01 09:30:00,220.82,220.87,220.8,220.85,395,221.04679625640966,221.2,220.78
2025-04-01 09:31:00,220.87,220.94,220.85,220.94,951,221.04679491921692,221.18,220.78
2025-04-01 09:32:00,220.99,221.03,220.94,221.03,169,221.0467948818471,221.16,220.78
2025-04-01 09:33:00,221.07,221.16,221.06,221.16,461,221.04679556894854,221.16,220.78
2025-04-01 09:34:00,221.17,221.18,221.08,221.13,365,221.04679596879302,221.18,220.78
2025-04-01 09:35:00,221.08,221.2,221.08,221.17,793,221.04679725510212,221.2,220.78
2025-04-01 09:36:00,221.12,221.24,221.09,221.09,205,221.04679737170557,221.24,220.78
2025-04-01 09:37:00,221.21,221.23,221.18,221.18,533,221.04679830642877,221.24,220.78
2025-04-01 09:38:00,,,,,0,,,
2025-04-01 09:39:00,221.12,221.18,221.12,221.15,154,221.04679851567118,,
2025-04-01 09:40:00,221.15,221.17,221.12,221.12,307,221.04679881153965,,
2025-04-01 09:41:00,221.08,221.1,220.94,220.94,1122,221.04679723395287,,
2025-04-01 09:42:00,220.94,221.03,220.9,221.03,204,221.04679718884,,
2025-04-01 09:43:00,220.93,221.01,220.92,221.0,102,221.04679712599767,,
2025-04-01 09:44:00,221.01,221.04,220.99,221.03,101,221.04679710366258,,
2025-04-01 09:45:00,221.06,221.06,221.04,221.04,11,221.04679710267825,,
2025-04-01 09:46:00,221.05,221.06,221.05,221.05,162,221.04679710950933,,
2025-04-01 09:47:00,221.04,221.04,221.04,221.04,3,221.04679710924088,,
2025-04-01 09:48:00,221.06,221.06,221.04,221.04,46,221.0467971051245,,
2025-04-01 09:49:00,221.04,221.06,221.02,221.06,21,221.04679710877474,,
2025-04-01 09:50:00,221.05,221.11,221.0,221.11,203,221.04679727768735,,
2025-04-01 09:51:00,221.05,221.05,220.84,221.0,726,221.0467968304046,,
2025-04-01 09:52:00,221.01,221.07,220.89,221.0,430,221.04679656548907,,
2025-04-01 09:53:00,221.0,221.0,220.82,220.84,623,221.0467948693936,,
2025-04-01 09:54:00,220.84,220.95,220.84,220.95,35,221.04679482479318,,
2025-04-01 09:55:00,220.92,220.98,220.92,220.98,3,221.04679482215514,,
2025-04-01 09:56:00,220.96,220.97,220.84,220.89,284,221.04679423592634,,
2025-04-01 09:57:00,220.82,220.88,220.82,220.82,222,221.04679357309843,,
2025-04-01 09:58:00,220.87,221.0,220.87,221.0,37,221.04679355030532,221.18,220.82
2025-04-01 09:59:00,220.92,220.97,220.87,220.97,96,221.04679345325187,221.17,220.82
2025-04-01 10:00:00,220.98,220.99,220.64,220.76,829,221.0467903233258,221.11,220.64
2025-04-01 10:01:00,220.79,220.79,220.6,220.68,718,221.04678685636824,221.11,220.6
2025-04-01 10:02:00,220.62,220.71,220.6,220.6,535,221.04678370965388,221.11,220.6
2025-04-01 10:03:00,220.71,220.71,220.64,220.65,147,221.04678294180903,221.11,220.6
2025-04-01 10:04:00,220.65,220.73,220.61,220.73,626,221.04678033124196,221.11,220.6
2025-04-01 10:05:00,220.74,220.77,220.65,220.76,302,221.04677919111475,221.11,220.6
2025-04-01 10:06:00,220.75,220.75,220.63,220.63,687,221.04677542185695,221.11,220.6
2025-04-01 10:07:00,220.7,220.7,220.61,220.61,241,221.04677403616424,221.11,220.6
2025-04-01 10:08:00,220.61,220.61,220.41,220.51,2177,221.04675865358416,221.11,220.41
2025-04-01 10:09:00,220.48,220.48,220.3,220.3,623,221.04675252945978,221.11,220.3
2025-04-01 10:10:00,220.28,220.28,220.01,220.14,4537,221.0466983783563,221.07,220.01
2025-04-01 10:11:00,220.07,220.26,220.01,220.26,535,221.04669283836944,221.07,220.01
2025-04-01 10:12:00,220.11,220.24,220.06,220.06,1207,221.04667716259362,221.0,220.01
2025-04-01 10:13:00,220.18,220.26,220.08,220.26,304,221.046674014786,221.0,220.01
2025-04-01 10:14:00,220.18,220.29,220.04,220.26,1827,221.0466550974068,221.0,220.01
2025-04-01 10:15:00,220.23,220.37,220.2,220.25,647,221.04664831320846,221.0,220.01
2025-04-01 10:16:00,220.3,220.4,220.26,220.38,63,221.04664776041756,221.0,220.01
2025-04-01 10:17:00,220.34,220.42,220.34,220.37,310,221.0466449995465,221.0,220.01
2025-04-01 10:18:00,220.43,220.46,220.26,220.37,769,221.04663815090225,220.99,220.01
2025-04-01 10:19:00,220.37,220.38,220.35,220.38,738,221.0466316756052,220.99,220.01
2025-04-01 10:20:00,220.36,220.38,220.28,220.28,60,221.04663107019343,220.79,220.01
2025-04-01 10:21:00,220.22,220.25,220.02,220.02,503,221.04662427358355,220.77,220.01
2025-04-01 10:22:00,220.09,220.19,220.02,220.02,508,221.04661740950428,220.77,220.01
2025-04-01 10:23:00,220.04,220.08,220.0,220.02,1147,221.04660191161562,220.77,220.0
2025-04-01 10:24:00,220.03,220.09,220.0,220.0,256,221.04659838530537,220.77,220.0
2025-04-01 10:25:00,220.12,220.17,220.1,220.1,70,221.04659751321313,220.75,220.0
2025-04-01 10:26:00,220.1,220.17,220.07,220.09,166,221.04659542326738,220.7,220.0
2025-04-01 10:27:00,220.05,220.08,219.8,219.83,1226,221.04657579294994,220.61,219.8
2025-04-01 10:28:00,219.78,219.88,219.78,219.88,325,221.04657080312697,220.48,219.78
2025-04-01 10:29:00,219.9,219.98,219.85,219.98,185,221.04656820626315,220.46,219.78
2025-04-01 10:30:00,219.93,219.97,219.02,219.62,4855,221.04647705938785,220.46,219.02
2025-04-01 10:31:00,219.74,219.74,219.38,219.41,1703,221.04644038398894,220.46,219.02
2025-04-01 10:32:00,219.54,219.68,219.53,219.53,719,221.04642603569056,220.46,219.02
2025-04-01 10:33:00,219.63,219.63,219.25,219.46,3303,221.0463570822894,220.46,219.02
2025-04-01 10:34:00,219.44,219.7,219.42,219.54,2640,221.04630475309318,220.46,219.02
2025-04-01 10:35:00,219.56,219.64,219.54,219.64,268,221.04629979374147,220.46,219.02
2025-04-01 10:36:00,219.63,219.74,219.56,219.6,1062,221.04627958275816,220.46,219.02
2025-04-01 10:37:00,219.65,219.7,219.48,219.48,3561,221.0462061946802,220.46,219.02
2025-04-01 10:38:00,219.54,219.61,219.5,219.5,279,221.04620051852487,220.38,219.02
2025-04-01 10:39:00,219.56,219.64,219.22,219.42,7464,221.04604082557796,220.38,219.02
2025-04-01 10:40:00,219.48,219.57,219.44,219.51,277,221.04603522773186,220.25,219.02
2025-04-01 10:41:00,219.58,219.62,219.5,219.62,241,221.046030706213,220.19,219.02
2025-04-01 10:42:00,219.57,219.66,219.57,219.6,125,221.04602832814723,220.17,219.02
2025-04-01 10:43:00,219.67,219.7,219.57,219.57,343,221.0460216673964,220.17,219.02
2025-04-01 10:44:00,219.59,219.63,219.52,219.53,831,221.04600509306343,220.17,219.02
2025-04-01 10:45:00,219.55,219.55,219.44,219.49,372,221.04599747786094,220.17,219.02
2025-04-01 10:46:00,219.5,219.59,219.45,219.55,1028,221.0459772455447,220.08,219.02
2025-04-01 10:47:00,219.57,219.73,219.57,219.67,192,221.0459737699189,219.98,219.02
2025-04-01 10:48:00,219.7,219.7,219.65,219.65,14,221.0459735128049,219.98,219.02
2025-04-01 10:49:00,219.71,219.77,219.65,219.77,153,221.045970944464,219.97,219.02
2025-04-01 10:50:00,219.77,219.77,219.5,219.6,4988,221.04587606393656,219.77,219.22
2025-04-01 10:51:00,219.61,219.66,219.59,219.59,259,221.04587110357,219.77,219.22
2025-04-01 10:52:00,219.64,219.77,219.63,219.72,253,221.0458666908133,219.77,219.22
2025-04-01 10:53:00,219.77,219.88,219.72,219.88,987,221.04585155350827,219.88,219.22
2025-04-01 10:54:00,219.8,219.87,219.8,219.87,1101,221.04583452345366,219.88,219.22
2025-04-01 10:55:00,219.85,220.06,219.73,219.86,7641,221.04571534249777,220.06,219.22
2025-04-01 10:56:00,219.85,219.98,219.81,219.92,304,221.0457108412491,220.06,219.22
2025-04-01 10:57:00,219.92,220.03,219.9,220.03,448,221.04570485608062,220.06,219.22
2025-04-01 10:58:00,220.04,220.41,220.02,220.1,1568,221.04568535220136,220.41,219.22
2025-04-01 10:59:00,220.16,220.2,220.0,220.0,225,221.0456822576223,220.41,219.44
2025-04-01 11:00:00,220.13,220.21,219.97,220.0,1777,221.0456578179683,220.41,219.44
2025-04-01 11:01:00,219.94,220.03,219.9,220.03,1081,221.04564337771467,220.41,219.44
2025-04-01 11:02:00,220.0,220.03,219.91,219.93,2806,221.04560220602002,220.41,219.44
2025-04-01 11:03:00,219.97,220.0,219.91,219.96,695,221.04559228315154,220.41,219.44
2025-04-01 11:04:00,219.92,219.94,219.8,219.94,1647,221.04556833561162,220.41,219.44
2025-04-01 11:05:00,219.9,219.97,219.84,219.84,328,221.04556313521928,220.41,219.45
2025-04-01 11:06:00,219.83,219.85,219.66,219.8,4320,221.04549237400877,220.41,219.5
2025-04-01 11:07:00,219.94,220.0,219.87,220.0,917,221.04547976645793,220.41,219.5
2025-04-01 11:08:00,220.0,220.05,219.99,220.05,13,221.0454795962749,220.41,219.5
2025-04-01 11:09:00,219.99,220.01,219.83,219.84,3329,221.04542682530254,220.41,219.5
2025-04-01 11:10:00,219.84,219.87,219.84,219.87,168,221.0454242285811,220.41,219.59
2025-04-01 11:11:00,219.87,219.88,219.87,219.88,21,221.04542390675323,220.41,219.63
2025-04-01 11:12:00,219.9,220.0,219.88,219.92,2093,221.04539293300454,220.41,219.66
2025-04-01 11:13:00,219.97,219.97,219.84,219.84,1737,221.04536540169016,220.41,219.66
2025-04-01 11:14:00,219.77,219.77,219.65,219.74,559,221.04535580681787,220.41,219.65
2025-04-01 11:15:00,219.77,219.8,219.76,219.8,237,221.04535192588853,220.41,219.65
2025-04-01 11:16:00,219.74,219.83,219.74,219.77,708,221.04534005308727,220.41,219.65
2025-04-01 11:17:00,219.79,219.79,219.61,219.69,2495,221.04529559052642,220.41,219.61
2025-04-01 11:18:00,219.69,219.69,219.69,219.69,593,221.04528502330075,220.21,219.61
2025-04-01 11:19:00,219.67,219.67,219.58,219.66,1523,221.0452572835465,220.21,219.58
2025-04-01 11:20:00,219.67,219.69,219.62,219.62,301,221.04525164299446,220.05,219.58
2025-04-01 11:21:00,219.65,219.68,219.64,219.66,620,221.0452403507916,220.05,219.58
2025-04-01 11:22:00,219.61,219.62,219.59,219.59,844,221.04522420234827,220.05,219.58
2025-04-01 11:23:00,219.6,219.63,219.6,219.63,32,221.04522360692124,220.05,219.58
2025-04-01 11:24:00,219.67,219.7,219.66,219.67,1072,221.04520422417596,220.05,219.58
2025-04-01 11:25:00,219.77,219.83,219.68,219.73,465,221.04519618353484,220.05,219.58
2025-04-01 11:26:00,219.78,219.82,219.73,219.74,115,221.04519421012404,220.05,219.58
2025-04-01 11:27:00,219.82,219.85,219.71,219.79,2007,221.04516109009467,220.05,219.58
2025-04-01 11:28:00,219.75,219.78,219.72,219.72,986,221.04514391210353,220.01,219.58
2025-04-01 11:29:00,219.72,219.78,219.7,219.7,1963,221.04510919810622,220.0,219.58
2025-04-01 11:30:00,219.79,219.85,219.74,219.83,164,221.04510657827208,220.0,219.58
2025-04-01 11:31:00,219.8,219.8,219.56,219.56,8499,221.04494066101174,220.0,219.56
2025-04-01 11:32:00,219.55,219.64,219.53,219.53,1917,221.04490248655122,219.97,219.53
2025-04-01 11:33:00,219.62,219.78,219.62,219.78,1190,221.04488270080714,219.85,219.53
2025-04-01 11:34:00,219.85,219.9,219.79,219.87,820,221.04487003735656,219.9,219.53
2025-04-01 11:35:00,219.8,219.8,219.79,219.79,105,221.0448683054233,219.9,219.53
2025-04-01 11:36:00,219.86,219.87,219.78,219.83,639,221.04485810144536,219.9,219.53
2025-04-01 11:37:00,219.8,219.8,219.5,219.61,1381,221.0448320558553,219.9,219.5
2025-04-01 11:38:00,219.51,219.62,219.51,219.52,464,221.04482275615584,219.9,219.5
2025-04-01 11:39:00,219.61,219.65,219.6,219.65,338,221.04481655942385,219.9,219.5
2025-04-01 11:40:00,219.61,219.7,219.55,219.7,620,221.0448056002406,219.9,219.5
2025-04-01 11:41:00,219.72,219.72,219.69,219.69,2,221.04480556462582,219.9,219.5
2025-04-01 11:42:00,219.63,219.66,219.6,219.66,204,221.04480185148648,219.9,219.5
2025-04-01 11:43:00,219.68,219.7,219.66,219.68,585,221.04479135740567,219.9,219.5
2025-04-01 11:44:00,219.78,219.95,219.78,219.87,2837,221.04474755249285,219.95,219.5
2025-04-01 11:45:00,219.89,220.02,219.89,220.02,1473,221.0447277137581,220.02,219.5
2025-04-01 11:46:00,220.01,220.09,219.87,219.87,530,221.04471953091183,220.09,219.5
2025-04-01 11:47:00,219.91,219.96,219.87,219.94,352,221.04471442016938,220.09,219.5
2025-04-01 11:48:00,219.95,220.02,219.95,220.0,69,221.04471347276456,220.09,219.5
2025-04-01 11:49:00,220.01,220.02,219.95,220.02,106,221.0447120451972,220.09,219.5
2025-04-01 11:50:00,220.06,220.06,219.94,219.95,531,221.04470440543773,220.09,219.5
2025-04-01 11:51:00,220.03,220.03,219.93,219.93,6,221.04470431753623,220.09,219.5
2025-04-01 11:52:00,220.04,220.04,219.89,219.89,712,221.0446935123575,220.09,219.5
2025-04-01 11:53:00,219.91,219.91,219.78,219.9,1334,221.04467344368675,220.09,219.5
2025-04-01 11:54:00,219.91,219.94,219.84,219.84,610,221.04466378608598,220.09,219.5
2025-04-01 11:55:00,219.83,219.94,219.82,219.94,442,221.04465736926477,220.09,219.5
2025-04-01 11:56:00,219.96,220.07,219.96,220.01,1971,221.04463056897538,220.09,219.5
2025-04-01 11:57:00,220.01,220.01,220.01,220.01,200,221.04462784959185,220.09,219.51
2025-04-01 11:58:00,220.03,220.07,220.01,220.01,397,221.0446224516579,220.09,219.55
2025-04-01 11:59:00,220.01,220.01,219.96,219.98,438,221.04461632363854,220.09,219.55
2025-04-01 12:00:00,220.0,222.13,219.249,219.87,35481,221.04406887948196,222.13,219.249
2025-04-01 12:01:00,221.87,221.96,219.87,219.87,849,221.0440557863253,222.13,219.249
2025-04-01 12:02:00,222.13,222.13,219.87,220.0504,377,221.044050865723,222.13,219.249
2025-04-01 12:03:00,219.98,220.011,219.75,220.0,3487,221.0440030473648,222.13,219.249
2025-04-01 12:04:00,219.9714,220.0,219.77,220.0,75,221.0440020189137,222.13,219.249
2025-04-01 12:05:00,219.91,222.13,219.76,219.8065,1663,221.0439749887107,222.13,219.249
2025-04-01 12:06:00,219.9,220.06,219.8544,220.0,644,221.04396615824862,222.13,219.249
2025-04-01 12:07:00,219.98,220.07,219.8647,220.07,8391,221.0438588292209,222.13,219.249
2025-04-01 12:08:00,220.0001,220.15,220.0001,220.15,3275,221.04382038587607,222.13,219.249
2025-04-01 12:09:00,220.15,220.24,220.09,220.24,1282,221.04380685329437,222.13,219.249
2025-04-01 12:10:00,220.283,220.29,220.15,220.2,801,221.04379797755354,222.13,219.249
2025-04-01 12:11:00,222.13,222.13,220.11,220.11,71882,221.0429173497954,222.13,219.249
2025-04-01 12:12:00,220.1,220.2,220.01,220.05,2471,221.04288516201308,222.13,219.249
2025-04-01 12:13:00,220.05,220.05,220.0,220.01,624,221.04287670653275,222.13,219.249
2025-04-01 12:14:00,220.01,220.08,220.01,220.08,1310,221.04286015888877,222.13,219.249
2025-04-01 12:15:00,222.13,222.13,220.06,220.06,885,221.04284874787706,222.13,219.249
2025-04-01 12:16:00,220.08,222.13,220.08,220.2,4193,221.04280238826755,222.13,219.249
2025-04-01 12:17:00,220.11,220.1499,220.05,220.08,1343,221.0427854265127,222.13,219.249
2025-04-01 12:18:00,220.0112,220.15,219.78,219.9,3590,221.04273161238558,222.13,219.249
2025-04-01 12:19:00,219.96,220.035,219.88,219.9,67,221.04273060810323,222.13,219.249
2025-04-01 12:20:00,220.0,220.0,219.86,219.8767,122,221.04272874212805,222.13,219.75
2025-04-01 12:21:00,219.87,219.89,219.61,219.61,5612,221.04262328261802,222.13,219.61
2025-04-01 12:22:00,219.6,219.61,219.38,219.44,6707,221.04248231295406,222.13,219.38
2025-04-01 12:23:00,219.53,219.55,219.34,219.38,2779,221.04242172369212,222.13,219.34
2025-04-01 12:24:00,219.5,219.57,219.41,219.53,148,221.0424187881801,222.13,219.34
2025-04-01 12:25:00,219.45,219.66,219.45,219.61,1185,221.0423965278885,222.13,219.34
2025-04-01 12:26:00,219.6388,222.13,219.56,219.76,691,221.04238490701067,222.13,219.34
2025-04-01 12:27:00,219.65,222.13,219.61,219.7192,149,221.04238232151087,222.13,219.34
2025-04-01 12:28:00,219.66,222.13,219.61,222.13,973,221.04239619933125,222.13,219.34
2025-04-01 12:29:00,222.13,222.13,219.6,219.61,2702,221.04234544591495,222.13,219.34
2025-04-01 12:30:00,219.64,222.13,219.64,219.75,425,221.04233824343757,222.13,219.34
2025-04-01 12:31:00,219.81,219.87,219.7808,219.8699,776,221.0423263128555,222.13,219.34
2025-04-01 12:32:00,219.87,219.87,219.78,219.78,757,221.04231378221874,222.13,219.34
2025-04-01 12:33:00,219.7137,219.9,219.7137,219.9,443,221.0423071464347,222.13,219.34
2025-04-01 12:34:00,219.7242,219.89,219.7242,219.8699,830,221.0422943863098,222.13,219.34
2025-04-01 12:35:00,219.86,219.99,219.85,219.96,2595,221.0422575593078,222.13,219.34
2025-04-01 12:36:00,219.95,219.96,219.85,219.91,1477,221.04223563121246,222.13,219.34
2025-04-01 12:37:00,219.9,219.94,219.87,219.8995,237,221.04223208007116,222.13,219.34
2025-04-01 12:38:00,219.9,222.13,219.87,219.91,3186,221.0421847827088,222.13,219.34
2025-04-01 12:39:00,219.91,219.96,219.9,219.9599,809,221.042173302728,222.13,219.34
2025-04-01 12:40:00,219.89,219.96,219.87,219.87,1560,221.0421493277273,222.13,219.34
2025-04-01 12:41:00,219.88,219.9499,219.86,219.88,2155,221.04211649256672,222.13,219.34
2025-04-01 12:42:00,219.94,219.94,219.87,219.9382,1171,221.04209954464756,222.13,219.34
2025-04-01 12:43:00,219.92,219.92,219.85,219.87,1376,221.04207840010164,222.13,219.41
2025-04-01 12:44:00,219.82,219.87,219.82,219.8687,768,221.04206658573708,222.13,219.45
2025-04-01 12:45:00,219.85,219.93,219.79,219.93,1265,221.04204814300851,222.13,219.56
2025-04-01 12:46:00,219.86,219.94,219.79,219.91,354,221.0420428892513,222.13,219.6
2025-04-01 12:47:00,219.86,219.94,219.8,219.8006,525,221.0420343447858,222.13,219.6
2025-04-01 12:48:00,219.86,219.9324,219.8,219.9,623,221.04202501734468,222.13,219.6
2025-04-01 12:49:00,219.9,219.94,219.82,219.8695,3427,221.04197234143842,222.13,219.64
2025-04-01 12:50:00,219.89,220.26,219.89,220.1212,13199,221.0418130494442,222.13,219.7137
2025-04-01 12:51:00,220.18,220.31,220.13,220.17,4165,221.04176545948647,222.13,219.7137
2025-04-01 12:52:00,220.29,220.37,220.28,220.36,1850,221.04174892947555,222.13,219.7137
2025-04-01 12:53:00,220.3884,220.3899,220.18,220.2899,1243,221.04173668159174,222.13,219.7242
2025-04-01 12:54:00,220.2,220.24,219.9582,220.24,1282,221.04172321146058,222.13,219.79
2025-04-01 12:55:00,220.23,220.25,220.12,220.25,796,221.04171495233706,222.13,219.79
2025-04-01 12:56:00,220.23,220.25,220.11,220.11,323,221.0417110083883,222.13,219.79
2025-04-01 12:57:00,220.22,220.25,220.11,220.2492,291,221.0417079860553,222.13,219.79
2025-04-01 12:58:00,220.2257,220.28,220.13,220.28,1028,221.04169772434398,220.3899,219.79
2025-04-01 12:59:00,220.29,220.3,220.18,220.23,1221,221.04168473637586,220.3899,219.79
2025-04-01 13:00:00,220.3,220.3,220.2225,220.3,792,221.0416770384941,220.3899,219.79
2025-04-01 13:01:00,220.24,220.64,220.22,220.56,8501,221.04162338422358,220.64,219.79
2025-04-01 13:02:00,220.55,220.8,220.55,220.65,5147,221.04159697401508,220.8,219.79
2025-04-01 13:03:00,220.62,220.65,220.3225,220.59,712,221.04159276116494,220.8,219.79
2025-04-01 13:04:00,220.5,220.59,220.39,220.4004,3055,221.04156709698236,220.8,219.79
2025-04-01 13:05:00,220.52,220.52,220.1,220.4,1896,221.04155116032487,220.8,219.79
2025-04-01 13:06:00,220.4,220.49,220.27,220.34,1060,221.04154141769948,220.8,219.8
2025-04-01 13:07:00,220.3,220.3988,220.25,220.34,407,221.04153767697085,220.8,219.8
2025-04-01 13:08:00,220.34,220.43,220.27,220.41,2182,221.04151962394218,220.8,219.82
2025-04-01 13:09:00,220.35,220.43,220.35,220.41,775,221.04151321213868,220.8,219.89
2025-04-01 13:10:00,220.41,220.5,220.36,220.5,972,221.04150631670726,220.8,219.9582
2025-04-01 13:11:00,220.49,220.59,220.3886,220.55,1404,221.04149727658415,220.8,219.9582
2025-04-01 13:12:00,220.57,220.59,220.43,220.55,856,221.04149176510532,220.8,219.9582
2025-04-01 13:13:00,220.55,220.55,220.46,220.51,104,221.04149104099864,220.8,219.9582
2025-04-01 13:14:00,220.53,220.5888,220.5,220.54,2474,221.04147478845013,220.8,220.1
2025-04-01 13:15:00,220.53,220.59,220.5,220.5895,1243,221.0414674291441,220.8,220.1
2025-04-01 13:16:00,220.5,220.55,220.48,220.5481,5469,221.04143208651837,220.8,220.1
2025-04-01 13:17:00,220.51,222.13,220.39,220.4399,158548,221.04018545242562,222.13,220.1
2025-04-01 13:18:00,220.44,220.44,220.39,220.39,319,221.0401827413255,222.13,220.1
2025-04-01 13:19:00,220.3901,220.3901,220.3,220.3,866,221.04017436276223,222.13,220.1
2025-04-01 13:20:00,220.3783,220.47,220.31,220.47,3656,221.0401471165694,222.13,220.1
2025-04-01 13:21:00,220.4,220.44,220.34,220.4103,1903,221.04013145067896,222.13,220.1
2025-04-01 13:22:00,220.43,220.47,220.41,220.43,895,221.04012431356685,222.13,220.1
2025-04-01 13:23:00,220.43,220.467,220.3,220.38,1556,221.0401108889296,222.13,220.1
2025-04-01 13:24:00,220.32,220.47,220.04,220.29,5781,221.04005421767002,222.13,220.04
2025-04-01 13:25:00,220.24,220.29,219.43,219.87,32245,221.03956136192903,222.13,219.43
2025-04-01 13:26:00,219.85,219.88,219.58,219.87,16609,221.03930766002196,222.13,219.43
2025-04-01 13:27:00,220.0573,220.1,219.7,219.88,11570,221.03913250456273,222.13,219.43
2025-04-01 13:28:00,219.89,219.89,219.6,219.62,20396,221.03875463326108,222.13,219.43
2025-04-01 13:29:00,219.67,219.8744,219.62,219.8,12455,221.03855324489783,222.13,219.43
2025-04-01 13:30:00,219.78,220.18,219.26,219.576,1340604,221.01340059876972,222.13,219.26
2025-04-01 13:31:00,219.59,219.83,218.89,219.1845,301507,221.00635395295822,222.13,218.89
2025-04-01 13:32:00,219.17,219.83,218.98,219.105,203471,221.00142297944186,222.13,218.89
2025-04-01 13:33:00,219.105,219.7,219.0812,219.595,53892,221.00045757516102,222.13,218.89
